{"06c5de00-572a-4157-8cc8-bdda31d12163":["blocks/lod0/-1.-1.-1.chunk","blocks/lod0/-1.-1.0.chunk","blocks/lod0/-1.0.-1.chunk","blocks/lod0/-1.0.0.chunk","blocks/lod0/0.-1.-1.chunk","blocks/lod0/0.-1.0.chunk","blocks/lod0/0.0.-1.chunk","blocks/lod0/0.0.0.chunk","collision.xcs","meta.vxbm","terrain.batch","terrain.vert","usedMaterial.vxmat"],"27a941fa-b79b-42da-a2d4-3332396ea2d5":["blocks/lod0/-1.-1.-1.chunk","blocks/lod0/-1.-1.0.chunk","blocks/lod0/-1.0.-1.chunk","blocks/lod0/-1.0.0.chunk","blocks/lod0/0.-1.-1.chunk","blocks/lod0/0.-1.0.chunk","blocks/lod0/0.0.-1.chunk","blocks/lod0/0.0.0.chunk","collision.xcs","meta.vxbm","terrain.batch","terrain.vert","usedMaterial.vxmat"],"45f20b7f-eab8-45ae-bfc3-4e23eeba0151":["blocks/lod0/-1.-1.-1.chunk","blocks/lod0/-1.-1.0.chunk","blocks/lod0/-1.0.-1.chunk","blocks/lod0/-1.0.0.chunk","blocks/lod0/0.-1.-1.chunk","blocks/lod0/0.-1.0.chunk","blocks/lod0/0.0.-1.chunk","blocks/lod0/0.0.0.chunk","collision.xcs","meta.vxbm","terrain.vert","usedMaterial.vxmat"],"5b3b47b8-2434-41bf-822b-ab260f7a13ee":["blocks/lod0/-1.-1.-1.chunk","blocks/lod0/-1.-1.0.chunk","blocks/lod0/-1.0.-1.chunk","blocks/lod0/-1.0.0.chunk","blocks/lod0/0.-1.-1.chunk","blocks/lod0/0.-1.0.chunk","blocks/lod0/0.0.-1.chunk","blocks/lod0/0.0.0.chunk","collision.xcs","meta.vxbm","terrain.vert","usedMaterial.vxmat"],"604d24da-0c59-4780-8b25-d274668c9e8f":["blocks/lod0/-1.-1.-1.chunk","blocks/lod0/-1.-1.0.chunk","blocks/lod0/-1.0.-1.chunk","blocks/lod0/-1.0.0.chunk","blocks/lod0/0.-1.-1.chunk","blocks/lod0/0.-1.0.chunk","blocks/lod0/0.0.-1.chunk","blocks/lod0/0.0.0.chunk","collision.xcs","meta.vxbm","terrain.vert","usedMaterial.vxmat"],"ecfea41a-1ce7-487f-86e8-e7dff6aa1932":["collision.xcs","terrain.vert","usedMaterial.vxmat"],"map001":["blocks/lod0/-1.-1.-1.chunk","blocks/lod0/-1.-1.0.chunk","blocks/lod0/-1.0.-1.chunk","blocks/lod0/-1.0.0.chunk","blocks/lod0/0.-1.-1.chunk","blocks/lod0/0.-1.0.chunk","blocks/lod0/0.0.-1.chunk","blocks/lod0/0.0.0.chunk","collision.xcs","meta.vxbm","terrain.batch","terrain.vert","usedMaterial.vxmat"]}