{
  "blinn": 0,
  "canBreak": true,
  "hdr": 0,
  "hideCloud": true,
  "moveDownGravity": 0.15,
  "scene": [
    {
      "class": "VoxelTerrain",
      "customProperties": [],
      "properties": {
        "id": "8680980222964662273",
        "name": "VoxelTerrain",
        "uniqueKey": ""
      }
    },
    {
      "class": "Light",
      "customProperties": [],
      "properties": {
        "batchType": "Static",
        "id": "8680980223024791553",
        "ID": "3",
        "lightActived": "true",
        "lightAngle": "30.0",
        "lightBrightness": "1.0",
        "lightColor": "r:1.0 g:1.0 b:1.0 a:1.0",
        "lightLength": "1.0",
        "lightRange": "8.0",
        "lightType": "GlobalLight",
        "lightWidth": "1.0",
        "name": "EnvironmentLight",
        "needSync": "true",
        "position": "x:0 y:0 z:0",
        "rotation": "x:0 y:0 z:0",
        "scale": "x:1 y:1 z:1",
        "selectable": "true",
        "shadowsDistance": "20.0",
        "shadowsIntensity": "1.0",
        "shadowsOffset": "0.02",
        "shadowsPresicion": "1024",
        "shadowsType": "null",
        "skyColor": "r:0.49803921568627 g:0.52156862745098 b:0.56078431372549 a:1.0",
        "skyLineColor": "r:0.24313725490196 g:0.24313725490196 b:0.2078431372549 a:1.0"
      }
    },
    {
      "children": [
        {
          "class": "Decal",
          "customProperties": [],
          "properties": {
            "decalAlpha": "1",
            "decalColor": "r:1.0 g:1.0 b:1.0 a:1.0",
            "decalImageType": "0",
            "decalOffset": "x:0 y:0 z:1.0",
            "decalSurface": "5",
            "decalTexture": "asset/texture2/floor/floor_012.png",
            "decalTiling": "x:0 y:0 z:1.0",
            "id": "8691463540528611329",
            "name": "Decal"
          }
        }
      ],
      "class": "Part",
      "customProperties": [],
      "properties": {
        "angleVelocity": "x:0 y:0 z:0",
        "batchType": "Static",
        "bloom": "false",
        "booleanOperation": "0",
        "btsKey": "f86d890b-bfd8-4d66-965b-f943e128c8b5",
        "cameraCollideEnable": "true",
        "collisionFidelity": "0",
        "collisionUniqueKey": "",
        "customThreshold": "1",
        "density": "2.2",
        "discardAlpha": "0.0",
        "friction": "0.37",
        "id": "8691454653905846273",
        "isLockedInEditor": "false",
        "isVisibleInEditor": "true",
        "lineVelocity": "x:0 y:0 z:0",
        "mass": "0",
        "materialAlpha": "0.994",
        "materialColor": "r:1.0 g:0.66666666666667 b:0.0 a:1.0",
        "materialOffset": "x:1 y:1 z:1.0",
        "materialTexture": "part_suliao.tga",
        "name": "Part",
        "needSync": "true",
        "partNavMeshType": "1",
        "position": "x:0 y:0 z:0",
        "restitution": "0.3",
        "rotation": "x:0 y:120 z:180",
        "scale": "x:12 y:1.2 z:12",
        "selectable": "true",
        "shape": "3",
        "staticBatchNo": "",
        "staticObject": "false",
        "useAnchor": "true",
        "useCollide": "true",
        "useGravity": "true",
        "useTextureAlpha": "false"
      }
    },
    {
      "class": "Part",
      "customProperties": [],
      "properties": {
        "angleVelocity": "x:0 y:0 z:0",
        "batchType": "Static",
        "bloom": "false",
        "booleanOperation": "0",
        "btsKey": "502228fc-bed6-4890-9c5d-21b3b22d5c76",
        "cameraCollideEnable": "true",
        "collisionFidelity": "0",
        "collisionUniqueKey": "",
        "customThreshold": "1",
        "density": "2.2",
        "discardAlpha": "0.0",
        "friction": "0.37",
        "id": "8691456306066751489",
        "isLockedInEditor": "false",
        "isVisibleInEditor": "true",
        "lineVelocity": "x:0 y:0 z:0",
        "mass": "0",
        "materialAlpha": "1.0",
        "materialColor": "r:1.0 g:0.66666666666667 b:1.0 a:1.0",
        "materialOffset": "x:1 y:1 z:1.0",
        "materialTexture": "part_suliao.tga",
        "name": "zone1",
        "needSync": "true",
        "partNavMeshType": "1",
        "position": "x:21 y:0 z:-12.17",
        "restitution": "0.3",
        "rotation": "x:0 y:0 z:0",
        "scale": "x:8 y:1.2 z:8",
        "selectable": "true",
        "shape": "3",
        "staticBatchNo": "",
        "staticObject": "false",
        "useAnchor": "true",
        "useCollide": "true",
        "useGravity": "true",
        "useTextureAlpha": "false"
      }
    },
    {
      "children": [
        {
          "class": "Decal",
          "customProperties": [],
          "properties": {
            "decalAlpha": "0.4",
            "decalColor": "r:1.0 g:1.0 b:1.0 a:1.0",
            "decalImageType": "2",
            "decalOffset": "x:1 y:1 z:1.0",
            "decalSurface": "4",
            "decalTexture": "asset/texture2/floor/floor_003.png",
            "decalTiling": "x:10 y:10 z:1.0",
            "id": "8691459176329740289",
            "name": "Decal"
          }
        }
      ],
      "class": "Part",
      "customProperties": [],
      "properties": {
        "angleVelocity": "x:0 y:0 z:0",
        "batchType": "Static",
        "bloom": "false",
        "booleanOperation": "0",
        "btsKey": "c0e0f22f-aa0b-4733-a53d-d7de900e92f7",
        "cameraCollideEnable": "true",
        "collisionFidelity": "0",
        "collisionUniqueKey": "",
        "customThreshold": "1",
        "density": "2.2",
        "discardAlpha": "0.0",
        "friction": "0.37",
        "id": "8691457528229756929",
        "isLockedInEditor": "false",
        "isVisibleInEditor": "true",
        "lineVelocity": "x:0 y:0 z:0",
        "mass": "0",
        "materialAlpha": "0.7",
        "materialColor": "r:1.0 g:1.0 b:1.0 a:1.0",
        "materialOffset": "x:1 y:1 z:1.0",
        "materialTexture": "part_suliao.tga",
        "name": "Part",
        "needSync": "true",
        "partNavMeshType": "1",
        "position": "x:0 y:0 z:0",
        "restitution": "0.3",
        "rotation": "x:0 y:0 z:0",
        "scale": "x:19 y:1 z:19",
        "selectable": "true",
        "shape": "3",
        "staticBatchNo": "",
        "staticObject": "false",
        "useAnchor": "true",
        "useCollide": "true",
        "useGravity": "true",
        "useTextureAlpha": "false"
      }
    },
    {
      "class": "PartOperation",
      "customProperties": [],
      "properties": {
        "angleVelocity": "x:0 y:0 z:0",
        "batchType": "Static",
        "bloom": "false",
        "booleanOperation": "0",
        "btsKey": "28acb6b6-6bca-4518-8a91-fa4527fdbbf8",
        "cameraCollideEnable": "true",
        "collisionFidelity": "0",
        "collisionUniqueKey": "",
        "customThreshold": "1",
        "density": "2.2",
        "discardAlpha": "0.0",
        "friction": "0.37",
        "id": "8691470367232802817",
        "isLockedInEditor": "false",
        "isVisibleInEditor": "true",
        "lineVelocity": "x:0 y:0 z:0",
        "mass": "0",
        "materialAlpha": "0.994",
        "materialColor": "r:1.0 g:0.66666666666667 b:0.0 a:1.0",
        "materialOffset": "x:1 y:1 z:1.0",
        "materialTexture": "part_suliao.tga",
        "mergeShapesDataKey": "8691470367134695425",
        "name": "Union",
        "needSync": "true",
        "partNavMeshType": "1",
        "position": "x:0 y:0 z:0",
        "restitution": "0.3",
        "rotation": "x:0 y:0 z:0",
        "scale": "x:20 y:1.2 z:20",
        "selectable": "true",
        "staticBatchNo": "",
        "staticObject": "false",
        "useAnchor": "true",
        "useCollide": "true",
        "useGravity": "true",
        "useOriginalColor": "true",
        "useTextureAlpha": "false"
      }
    },
    {
      "class": "PartOperation",
      "customProperties": [],
      "properties": {
        "angleVelocity": "x:0 y:0 z:0",
        "batchType": "Static",
        "bloom": "false",
        "booleanOperation": "0",
        "btsKey": "77fe3b33-4cb5-4abd-9c02-940ac3b9c307",
        "cameraCollideEnable": "true",
        "collisionFidelity": "0",
        "collisionUniqueKey": "",
        "customThreshold": "1",
        "density": "2.2",
        "discardAlpha": "0.0",
        "friction": "0.37",
        "id": "8691473132657967105",
        "isLockedInEditor": "false",
        "isVisibleInEditor": "true",
        "lineVelocity": "x:0 y:0 z:0",
        "mass": "0",
        "materialAlpha": "1.0",
        "materialColor": "r:1.0 g:0.66666666666667 b:1.0 a:1.0",
        "materialOffset": "x:1 y:1 z:1.0",
        "materialTexture": "part_suliao.tga",
        "mergeShapesDataKey": "8691473132553699329",
        "name": "Union",
        "needSync": "true",
        "partNavMeshType": "1",
        "position": "x:20.999998092651 y:0 z:-12.169998168945",
        "restitution": "0.3",
        "rotation": "x:0 y:0 z:0",
        "scale": "x:14 y:1.2 z:14",
        "selectable": "true",
        "staticBatchNo": "",
        "staticObject": "false",
        "useAnchor": "true",
        "useCollide": "true",
        "useGravity": "true",
        "useOriginalColor": "true",
        "useTextureAlpha": "false"
      }
    },
    {
      "class": "Part",
      "customProperties": [],
      "properties": {
        "angleVelocity": "x:0 y:0 z:0",
        "batchType": "Static",
        "bloom": "false",
        "booleanOperation": "0",
        "btsKey": "60ff2dae-4fcc-4a67-80ef-ea73007c8d29",
        "cameraCollideEnable": "true",
        "collisionFidelity": "0",
        "collisionUniqueKey": "",
        "customThreshold": "1",
        "density": "2.2",
        "discardAlpha": "0.0",
        "friction": "0.37",
        "id": "8691473395831554049",
        "isLockedInEditor": "false",
        "isVisibleInEditor": "true",
        "lineVelocity": "x:0 y:0 z:0",
        "mass": "0",
        "materialAlpha": "0.7",
        "materialColor": "r:1.0 g:1.0 b:1.0 a:1.0",
        "materialOffset": "x:1 y:1 z:1.0",
        "materialTexture": "part_suliao.tga",
        "name": "zone1",
        "needSync": "true",
        "partNavMeshType": "1",
        "position": "x:21 y:0 z:-12.17",
        "restitution": "0.3",
        "rotation": "x:0 y:0 z:0",
        "scale": "x:13 y:1 z:13",
        "selectable": "true",
        "shape": "3",
        "staticBatchNo": "",
        "staticObject": "false",
        "useAnchor": "true",
        "useCollide": "true",
        "useGravity": "true",
        "useTextureAlpha": "false"
      }
    },
    {
      "class": "MeshPart",
      "customProperties": [],
      "properties": {
        "angleVelocity": "x:0 y:0 z:0",
        "autoAnchor": "true",
        "batchType": "Static",
        "bloom": "false",
        "booleanOperation": "0",
        "btsKey": "bc36c7bd-382b-47cc-961c-9b0767c1a152",
        "cameraCollideEnable": "true",
        "collisionFidelity": "0",
        "collisionUniqueKey": "",
        "customThreshold": "1",
        "density": "2.2",
        "discardAlpha": "0.0",
        "friction": "0.37",
        "id": "8691475304868757505",
        "isLockedInEditor": "false",
        "isVisibleInEditor": "true",
        "lineVelocity": "x:0 y:0 z:0",
        "mass": "0",
        "materialAlpha": "1.0",
        "materialColor": "r:1.0 g:1.0 b:1.0 a:1.0",
        "materialOffset": "x:1 y:1 z:1.0",
        "materialTexture": "part_suliao.tga",
        "mesh": "asset/Mesh/White Gold Arch/g2038_race_gate.mesh",
        "metalness": "0",
        "name": "g2038_race_gate.mesh",
        "needSync": "true",
        "partNavMeshType": "1",
        "position": "x:8.227 y:2.688 z:-4.75",
        "restitution": "0.3",
        "rotation": "x:0 y:120 z:0",
        "roughness": "0.9",
        "scale": "x:0.51688 y:0.51688 z:0.51688",
        "selectable": "true",
        "staticBatchNo": "1",
        "staticObject": "false",
        "useAnchor": "true",
        "useCollide": "true",
        "useGravity": "true",
        "useTextureAlpha": "false"
      }
    },
    {
      "class": "Part",
      "customProperties": [],
      "properties": {
        "angleVelocity": "x:0 y:0 z:0",
        "batchType": "Static",
        "bloom": "false",
        "booleanOperation": "0",
        "btsKey": "b1205e36-86e3-4fc0-a6a8-38214346f384",
        "cameraCollideEnable": "true",
        "collisionFidelity": "0",
        "collisionUniqueKey": "",
        "customThreshold": "1",
        "density": "2.2",
        "discardAlpha": "0.0",
        "friction": "0.37",
        "id": "8691478653466984449",
        "isLockedInEditor": "false",
        "isVisibleInEditor": "true",
        "lineVelocity": "x:0 y:0 z:0",
        "mass": "0",
        "materialAlpha": "1.0",
        "materialColor": "r:1.0 g:1.0 b:0.49803921568627 a:1.0",
        "materialOffset": "x:1 y:1 z:1.0",
        "materialTexture": "part_suliao.tga",
        "name": "Part",
        "needSync": "true",
        "partNavMeshType": "1",
        "position": "x:12.03 y:2 z:-6.95",
        "restitution": "0.3",
        "rotation": "x:0 y:120 z:0",
        "scale": "x:3 y:0.1 z:3",
        "selectable": "true",
        "shape": "1",
        "staticBatchNo": "",
        "staticObject": "false",
        "useAnchor": "true",
        "useCollide": "true",
        "useGravity": "true",
        "useTextureAlpha": "false"
      }
    },
    {
      "class": "Part",
      "customProperties": [],
      "properties": {
        "angleVelocity": "x:0 y:0 z:0",
        "batchType": "Static",
        "bloom": "false",
        "booleanOperation": "0",
        "btsKey": "dd1b8464-c3fa-4aa0-a218-5ba67dae8565",
        "cameraCollideEnable": "true",
        "collisionFidelity": "0",
        "collisionUniqueKey": "",
        "customThreshold": "1",
        "density": "2.2",
        "discardAlpha": "0.0",
        "friction": "0.37",
        "id": "8691482589123182593",
        "isLockedInEditor": "false",
        "isVisibleInEditor": "true",
        "lineVelocity": "x:0 y:0 z:0",
        "mass": "0",
        "materialAlpha": "1.0",
        "materialColor": "r:0.33333333333333 g:0.66666666666667 b:1.0 a:1.0",
        "materialOffset": "x:1 y:1 z:1.0",
        "materialTexture": "part_suliao.tga",
        "name": "Part",
        "needSync": "true",
        "partNavMeshType": "1",
        "position": "x:9 y:0.847 z:-5.25",
        "restitution": "0.3",
        "rotation": "x:0 y:120 z:0",
        "scale": "x:3 y:0.1 z:1",
        "selectable": "true",
        "shape": "1",
        "staticBatchNo": "",
        "staticObject": "false",
        "useAnchor": "true",
        "useCollide": "true",
        "useGravity": "true",
        "useTextureAlpha": "false"
      }
    },
    {
      "class": "Part",
      "customProperties": [],
      "properties": {
        "angleVelocity": "x:0 y:0 z:0",
        "batchType": "Static",
        "bloom": "false",
        "booleanOperation": "0",
        "btsKey": "aa2fe03b-3208-4112-aa54-ea2d27f8df58",
        "cameraCollideEnable": "true",
        "collisionFidelity": "0",
        "collisionUniqueKey": "",
        "customThreshold": "1",
        "density": "2.2",
        "discardAlpha": "0.0",
        "friction": "0.37",
        "id": "8691483335663190017",
        "isLockedInEditor": "false",
        "isVisibleInEditor": "true",
        "lineVelocity": "x:0 y:0 z:0",
        "mass": "0",
        "materialAlpha": "1.0",
        "materialColor": "r:0.1921568627451 g:1.0 b:0.63529411764706 a:1.0",
        "materialOffset": "x:1 y:1 z:1.0",
        "materialTexture": "part_suliao.tga",
        "name": "Part",
        "needSync": "true",
        "partNavMeshType": "1",
        "position": "x:9.7 y:1.2 z:-5.75",
        "restitution": "0.3",
        "rotation": "x:0 y:120 z:0",
        "scale": "x:3 y:0.1 z:1",
        "selectable": "true",
        "shape": "1",
        "staticBatchNo": "",
        "staticObject": "false",
        "useAnchor": "true",
        "useCollide": "true",
        "useGravity": "true",
        "useTextureAlpha": "false"
      }
    },
    {
      "class": "Part",
      "customProperties": [],
      "properties": {
        "angleVelocity": "x:0 y:0 z:0",
        "batchType": "Static",
        "bloom": "false",
        "booleanOperation": "0",
        "btsKey": "2ffdec2a-31a4-459e-b011-664b754b55e7",
        "cameraCollideEnable": "true",
        "collisionFidelity": "0",
        "collisionUniqueKey": "",
        "customThreshold": "1",
        "density": "2.2",
        "discardAlpha": "0.0",
        "friction": "0.37",
        "id": "8691483816247279617",
        "isLockedInEditor": "false",
        "isVisibleInEditor": "true",
        "lineVelocity": "x:0 y:0 z:0",
        "mass": "0",
        "materialAlpha": "1.0",
        "materialColor": "r:0.66666666666667 g:0.66666666666667 b:1.0 a:1.0",
        "materialOffset": "x:1 y:1 z:1.0",
        "materialTexture": "part_suliao.tga",
        "name": "Part",
        "needSync": "true",
        "partNavMeshType": "1",
        "position": "x:10.47 y:1.641 z:-6.05",
        "restitution": "0.3",
        "rotation": "x:0 y:120 z:0",
        "scale": "x:3 y:0.1 z:1",
        "selectable": "true",
        "shape": "1",
        "staticBatchNo": "",
        "staticObject": "false",
        "useAnchor": "true",
        "useCollide": "true",
        "useGravity": "true",
        "useTextureAlpha": "false"
      }
    },
    {
      "class": "Part",
      "customProperties": [],
      "properties": {
        "angleVelocity": "x:0 y:0 z:0",
        "batchType": "Static",
        "bloom": "false",
        "booleanOperation": "0",
        "btsKey": "d84e8244-b266-4cf3-bbd5-2865239d5c78",
        "cameraCollideEnable": "true",
        "collisionFidelity": "0",
        "collisionUniqueKey": "",
        "customThreshold": "1",
        "density": "2.2",
        "discardAlpha": "0.0",
        "friction": "0.37",
        "id": "8691484580012654593",
        "isLockedInEditor": "false",
        "isVisibleInEditor": "true",
        "lineVelocity": "x:0 y:0 z:0",
        "mass": "0",
        "materialAlpha": "1.0",
        "materialColor": "r:1.0 g:0.44313725490196 b:0.33333333333333 a:1.0",
        "materialOffset": "x:1 y:1 z:1.0",
        "materialTexture": "part_suliao.tga",
        "name": "Part",
        "needSync": "true",
        "partNavMeshType": "1",
        "position": "x:13.51 y:1.641 z:-7.8",
        "restitution": "0.3",
        "rotation": "x:0 y:120 z:0",
        "scale": "x:3 y:0.1 z:1",
        "selectable": "true",
        "shape": "1",
        "staticBatchNo": "",
        "staticObject": "false",
        "useAnchor": "true",
        "useCollide": "true",
        "useGravity": "true",
        "useTextureAlpha": "false"
      }
    },
    {
      "class": "Part",
      "customProperties": [],
      "properties": {
        "angleVelocity": "x:0 y:0 z:0",
        "batchType": "Static",
        "bloom": "false",
        "booleanOperation": "0",
        "btsKey": "6d767c27-53d2-4e83-8617-81ef0e03a202",
        "cameraCollideEnable": "true",
        "collisionFidelity": "0",
        "collisionUniqueKey": "",
        "customThreshold": "1",
        "density": "2.2",
        "discardAlpha": "0.0",
        "friction": "0.37",
        "id": "8691485299661783041",
        "isLockedInEditor": "false",
        "isVisibleInEditor": "true",
        "lineVelocity": "x:0 y:0 z:0",
        "mass": "0",
        "materialAlpha": "1.0",
        "materialColor": "r:1.0 g:0.63529411764706 b:0.71372549019608 a:1.0",
        "materialOffset": "x:1 y:1 z:1.0",
        "materialTexture": "part_suliao.tga",
        "name": "Part",
        "needSync": "true",
        "partNavMeshType": "1",
        "position": "x:14.2 y:1.2 z:-8.2",
        "restitution": "0.3",
        "rotation": "x:0 y:120 z:0",
        "scale": "x:3 y:0.1 z:1",
        "selectable": "true",
        "shape": "1",
        "staticBatchNo": "",
        "staticObject": "false",
        "useAnchor": "true",
        "useCollide": "true",
        "useGravity": "true",
        "useTextureAlpha": "false"
      }
    },
    {
      "class": "Part",
      "customProperties": [],
      "properties": {
        "angleVelocity": "x:0 y:0 z:0",
        "batchType": "Static",
        "bloom": "false",
        "booleanOperation": "0",
        "btsKey": "e73cef2c-569b-43e3-915c-91a151a95129",
        "cameraCollideEnable": "true",
        "collisionFidelity": "0",
        "collisionUniqueKey": "",
        "customThreshold": "1",
        "density": "2.2",
        "discardAlpha": "0.0",
        "friction": "0.37",
        "id": "8691485742188986369",
        "isLockedInEditor": "false",
        "isVisibleInEditor": "true",
        "lineVelocity": "x:0 y:0 z:0",
        "mass": "0",
        "materialAlpha": "1.0",
        "materialColor": "r:0.66666666666667 g:1.0 b:1.0 a:1.0",
        "materialOffset": "x:1 y:1 z:1.0",
        "materialTexture": "part_suliao.tga",
        "name": "Part",
        "needSync": "true",
        "partNavMeshType": "1",
        "position": "x:14.89 y:0.847 z:-8.6",
        "restitution": "0.3",
        "rotation": "x:0 y:120 z:0",
        "scale": "x:3 y:0.1 z:1",
        "selectable": "true",
        "shape": "1",
        "staticBatchNo": "",
        "staticObject": "false",
        "useAnchor": "true",
        "useCollide": "true",
        "useGravity": "true",
        "useTextureAlpha": "false"
      }
    },
    {
      "class": "Entity",
      "config": "myplugin/71c0090f-51f9-47fb-8b1a-11f3c4b3f6cc",
      "customProperties": [],
      "properties": {
        "batchType": "Static",
        "id": "8691491552370933761",
        "name": "Match",
        "needSync": "true",
        "position": "x:20.882999420166 y:0.60045772790909 z:-12.10200214386",
        "rotation": "x:0 y:0 z:0",
        "scale": "x:1 y:1 z:1",
        "selectable": "true"
      }
    },
    {
      "children": [
        {
          "class": "EffectPart",
          "customProperties": [],
          "properties": {
            "batchType": "Static",
            "effectFilePath": "asset/texture2/MAP/sots208_ title_01_yellow.effect",
            "id": "8691499127787831297",
            "loopCount": "1",
            "loopInterval": "0.0",
            "loopReset": "false",
            "name": "EffectPart",
            "needSync": "true",
            "position": "x:8.26 y:7.1 z:-4.724",
            "rotation": "x:0 y:-60 z:0",
            "scale": "x:1 y:1 z:1",
            "selectable": "true",
            "visible": "true"
          }
        }
      ],
      "class": "Part",
      "customProperties": [],
      "properties": {
        "angleVelocity": "x:0 y:0 z:0",
        "batchType": "Static",
        "bloom": "false",
        "booleanOperation": "0",
        "btsKey": "ff8154a7-7104-4fbb-a005-5af193438dc9",
        "cameraCollideEnable": "true",
        "collisionFidelity": "0",
        "collisionUniqueKey": "",
        "customThreshold": "1",
        "density": "2.2",
        "discardAlpha": "0.0",
        "friction": "0.37",
        "id": "8691497137974296577",
        "isLockedInEditor": "false",
        "isVisibleInEditor": "true",
        "lineVelocity": "x:0 y:0 z:0",
        "mass": "0",
        "materialAlpha": "0",
        "materialColor": "r:1.0 g:1.0 b:1.0 a:1.0",
        "materialOffset": "x:1 y:1 z:1.0",
        "materialTexture": "part_suliao.tga",
        "name": "Part",
        "needSync": "true",
        "partNavMeshType": "1",
        "position": "x:8.26 y:7.1 z:-4.724",
        "restitution": "0.3",
        "rotation": "x:0 y:30 z:0",
        "scale": "x:0.68 y:2.8 z:3.646",
        "selectable": "true",
        "shape": "1",
        "staticBatchNo": "",
        "staticObject": "false",
        "useAnchor": "true",
        "useCollide": "true",
        "useGravity": "true",
        "useTextureAlpha": "false"
      }
    }
  ],
  "skyBox": [
    {
      "texture": [
        "@asset/Texture/SkyBox/Common2/Sky03_right.png",
        "@asset/Texture/SkyBox/Common2/Sky03_left.png",
        "@asset/Texture/SkyBox/Common2/Sky03_top.png",
        "@asset/Texture/SkyBox/Common2/Sky03_bottom.png",
        "@asset/Texture/SkyBox/Common2/Sky03_back.png",
        "@asset/Texture/SkyBox/Common2/Sky03_front.png"
      ]
    }
  ],
  "skyBoxMode": "static_display",
  "skyBoxRotate": {
    "x": 0,
    "y": 0,
    "z": 0
  },
  "skyBoxTexPixFmt": "RGBA8",
  "skyBoxTexSize": 512,
  "touchPosY": {
    "touchdownPosY": -30.0,
    "touchupPosY": 720.0
  }
}