{
  "area": [
    [
      0,
      -190
    ],
    [
      0,
      -200
    ],
    [
      0,
      88
    ],
    [
      0,
      88
    ]
  ],
  "area_number": 8,
  "backSwingTime": 0,
  "bodyPitchOffset": [
    270
  ],
  "bodyYawOffset": [
    0
  ],
  "castAction": "attack",
  "castActionTime": -1,
  "cdMaskConfig": {
    "AntiClockwise": false,
    "FillPosition": "",
    "FillType": "Horizontal",
    "horizontalAlignment": 1,
    "verticalAlignment": 1
  },
  "cdTime": 60,
  "consumeItem": [
    {
      "consumeName": "myplugin/8d5f515b-ef35-4de3-bc58-49dddcd75ef6",
      "count": 1
    }
  ],
  "consumeVp": 0,
  "customizeSkill": true,
  "draggingEnabled": false,
  "enable_pre": false,
  "enable_rear": false,
  "enableCdMask": false,
  "enableCdTip": false,
  "enableMoveBrkBackS": false,
  "enableMoveBrkPreS": false,
  "frontSight": "myplugin/frontsight1",
  "horizontalAlignment": 2,
  "icon": "@asset/Texture/Item/ice-spell-cast.png",
  "ignoreCastSkillBackS": false,
  "ignoreCastSkillPreS": true,
  "ignoreJumpBackS": false,
  "ignoreJumpPreS": false,
  "ignoreMoveBackS": false,
  "ignoreMovePreS": false,
  "isClick": false,
  "isShowCdPoint": false,
  "isTouch": false,
  "missileCfg": [
    "myplugin/a10b4380-f21c-495c-98ad-db409e074831"
  ],
  "missileCount": 1,
  "preSwingTime": 0,
  "sensitivityFactor": 1,
  "startAction": "",
  "startActionTime": 0,
  "startFrom": "foot",
  "startPitch": [
    0
  ],
  "startPos": [
    {
      "x": 0,
      "y": 1.6,
      "z": 0
    }
  ],
  "startWait": [
    0
  ],
  "startYaw": [
    0
  ],
  "sustainAction": "",
  "targetType": "Camera",
  "type": "Missile",
  "verticalAlignment": 2
}