{
  "additionalData": {
    "local_transform": [],
    "tillBaseScale": {
      "x": 23.999996185303,
      "y": 4.9999990463257,
      "z": 4.9999990463257
    }
  },
  "basicShapesData": [
    {
      "class": "Part",
      "properties": {
        "angleVelocity": "x:0 y:0 z:0",
        "batchType": "Static",
        "bloom": "false",
        "booleanOperation": "0",
        "cameraCollideEnable": "true",
        "collisionFidelity": "0",
        "collisionGroup": "1",
        "collisionUniqueKey": "",
        "customColor": "r:0 g:0.741176 b:0.541176 a:1",
        "customThreshold": "1",
        "density": "2.2",
        "friction": "0.37",
        "id": "8681763332948049921",
        "individual": "false",
        "isLockedInEditor": "false",
        "isSelectInEditor": "false",
        "isVisibleInEditor": "true",
        "lineVelocity": "x:0 y:0 z:0",
        "materialAlpha": "1",
        "materialColor": "r:0 g:0.741176 b:0.541176 a:1",
        "materialOffset": "x:1 y:1 z:1",
        "materialTexture": "part_suliao.tga",
        "name": "Part",
        "needSync": "true",
        "networkOwner": "0",
        "originSize": "x:1 y:1 z:1",
        "partNavMeshType": "1",
        "position": "x:-0.121639 y:4.5 z:49.2726",
        "restitution": "0.3",
        "rotation": "x:-0 y:0 z:0",
        "scale": "x:24 y:5 z:5",
        "selectable": "true",
        "shape": "1",
        "sides": "24",
        "sideStack": "5",
        "sphereDivision": "3",
        "staticBatchNo": "",
        "staticObject": "false",
        "templateInstanceId": "8681763332948049921",
        "unionLastBox": "false",
        "useAnchor": "false",
        "useCollide": "true",
        "useGravity": "true"
      }
    },
    {
      "class": "Part",
      "properties": {
        "angleVelocity": "x:0 y:0 z:0",
        "batchType": "Static",
        "bloom": "false",
        "booleanOperation": "2",
        "cameraCollideEnable": "true",
        "collisionFidelity": "0",
        "collisionGroup": "1",
        "collisionUniqueKey": "",
        "customColor": "r:1 g:0 b:0 a:1",
        "customThreshold": "1",
        "density": "2.2",
        "friction": "0.37",
        "id": "8681763332952064001",
        "individual": "false",
        "isLockedInEditor": "false",
        "isSelectInEditor": "false",
        "isVisibleInEditor": "true",
        "lineVelocity": "x:0 y:0 z:0",
        "materialAlpha": "1",
        "materialColor": "r:1 g:0 b:0 a:1",
        "materialOffset": "x:1 y:1 z:1",
        "materialTexture": "part_suliao.tga",
        "name": "Part",
        "needSync": "true",
        "networkOwner": "0",
        "originSize": "x:1 y:1 z:1",
        "partNavMeshType": "1",
        "position": "x:-3.82272 y:7.40844 z:49.2726",
        "restitution": "0.3",
        "rotation": "x:-0 y:0 z:15",
        "scale": "x:25 y:6 z:6",
        "selectable": "true",
        "shape": "1",
        "sides": "24",
        "sideStack": "5",
        "sphereDivision": "3",
        "staticBatchNo": "",
        "staticObject": "false",
        "templateInstanceId": "8681763332952064001",
        "unionLastBox": "false",
        "useAnchor": "false",
        "useCollide": "true",
        "useGravity": "true"
      }
    }
  ],
  "brushData": {
    "colors": [
      0,
      0,
      0,
      0,
      0,
      0,
      0,
      0,
      0,
      0,
      0,
      0,
      0,
      0,
      0,
      0,
      0,
      0,
      0,
      0,
      0,
      0,
      0,
      0,
      0,
      0,
      0,
      0,
      0
    ],
    "lightmapUVs": [
      {
        "x": 1.0,
        "y": 1.0
      },
      {
        "x": 1.0,
        "y": 1.0
      },
      {
        "x": 1.0,
        "y": 1.0
      },
      {
        "x": 1.0,
        "y": 1.0
      },
      {
        "x": 1.0,
        "y": 1.0
      },
      {
        "x": 1.0,
        "y": 1.0
      },
      {
        "x": 1.0,
        "y": 1.0
      },
      {
        "x": 1.0,
        "y": 1.0
      },
      {
        "x": 1.0,
        "y": 1.0
      },
      {
        "x": 1.0,
        "y": 1.0
      },
      {
        "x": 1.0,
        "y": 1.0
      },
      {
        "x": 1.0,
        "y": 1.0
      },
      {
        "x": 1.0,
        "y": 1.0
      },
      {
        "x": 1.0,
        "y": 1.0
      },
      {
        "x": 1.0,
        "y": 1.0
      },
      {
        "x": 1.0,
        "y": 1.0
      },
      {
        "x": 1.0,
        "y": 1.0
      },
      {
        "x": 1.0,
        "y": 1.0
      },
      {
        "x": 1.0,
        "y": 1.0
      },
      {
        "x": 1.0,
        "y": 1.0
      },
      {
        "x": 1.0,
        "y": 1.0
      },
      {
        "x": 1.0,
        "y": 1.0
      },
      {
        "x": 1.0,
        "y": 1.0
      },
      {
        "x": 1.0,
        "y": 1.0
      },
      {
        "x": 1.0,
        "y": 1.0
      },
      {
        "x": 1.0,
        "y": 1.0
      },
      {
        "x": 1.0,
        "y": 1.0
      },
      {
        "x": 1.0,
        "y": 1.0
      },
      {
        "x": 1.0,
        "y": 1.0
      },
      {
        "x": 1.0,
        "y": 1.0
      },
      {
        "x": 1.0,
        "y": 1.0
      },
      {
        "x": 1.0,
        "y": 1.0
      },
      {
        "x": 1.0,
        "y": 1.0
      },
      {
        "x": 1.0,
        "y": 1.0
      },
      {
        "x": 1.0,
        "y": 1.0
      },
      {
        "x": 1.0,
        "y": 1.0
      },
      {
        "x": 1.0,
        "y": 1.0
      },
      {
        "x": 1.0,
        "y": 1.0
      },
      {
        "x": 1.0,
        "y": 1.0
      },
      {
        "x": 1.0,
        "y": 1.0
      },
      {
        "x": 1.0,
        "y": 1.0
      },
      {
        "x": 1.0,
        "y": 1.0
      },
      {
        "x": 1.0,
        "y": 1.0
      },
      {
        "x": 1.0,
        "y": 1.0
      },
      {
        "x": 1.0,
        "y": 1.0
      },
      {
        "x": 1.0,
        "y": 1.0
      },
      {
        "x": 1.0,
        "y": 1.0
      },
      {
        "x": 1.0,
        "y": 1.0
      },
      {
        "x": 1.0,
        "y": 1.0
      },
      {
        "x": 1.0,
        "y": 1.0
      },
      {
        "x": 1.0,
        "y": 1.0
      },
      {
        "x": 1.0,
        "y": 1.0
      },
      {
        "x": 1.0,
        "y": 1.0
      },
      {
        "x": 1.0,
        "y": 1.0
      },
      {
        "x": 1.0,
        "y": 1.0
      },
      {
        "x": 1.0,
        "y": 1.0
      },
      {
        "x": 1.0,
        "y": 1.0
      },
      {
        "x": 1.0,
        "y": 1.0
      },
      {
        "x": 1.0,
        "y": 1.0
      },
      {
        "x": 1.0,
        "y": 1.0
      },
      {
        "x": 1.0,
        "y": 1.0
      },
      {
        "x": 1.0,
        "y": 1.0
      },
      {
        "x": 1.0,
        "y": 1.0
      },
      {
        "x": 1.0,
        "y": 1.0
      },
      {
        "x": 1.0,
        "y": 1.0
      },
      {
        "x": 1.0,
        "y": 1.0
      },
      {
        "x": 1.0,
        "y": 1.0
      },
      {
        "x": 1.0,
        "y": 1.0
      },
      {
        "x": 1.0,
        "y": 1.0
      },
      {
        "x": 1.0,
        "y": 1.0
      },
      {
        "x": 1.0,
        "y": 1.0
      },
      {
        "x": 1.0,
        "y": 1.0
      },
      {
        "x": 1.0,
        "y": 1.0
      },
      {
        "x": 1.0,
        "y": 1.0
      },
      {
        "x": 1.0,
        "y": 1.0
      },
      {
        "x": 1.0,
        "y": 1.0
      },
      {
        "x": 1.0,
        "y": 1.0
      },
      {
        "x": 1.0,
        "y": 1.0
      },
      {
        "x": 1.0,
        "y": 1.0
      },
      {
        "x": 1.0,
        "y": 1.0
      },
      {
        "x": 1.0,
        "y": 1.0
      },
      {
        "x": 1.0,
        "y": 1.0
      },
      {
        "x": 1.0,
        "y": 1.0
      },
      {
        "x": 1.0,
        "y": 1.0
      },
      {
        "x": 1.0,
        "y": 1.0
      },
      {
        "x": 1.0,
        "y": 1.0
      },
      {
        "x": 1.0,
        "y": 1.0
      }
    ],
    "uv2s": [
      {
        "x": 0.99999994039536,
        "y": 0.99999994039536
      },
      {
        "x": 0.0,
        "y": 0.99999994039536
      },
      {
        "x": 0.0,
        "y": 0.0
      },
      {
        "x": 0.0,
        "y": 0.0
      },
      {
        "x": 0.99999994039536,
        "y": 0.0
      },
      {
        "x": 0.99999994039536,
        "y": 0.99999994039536
      },
      {
        "x": 0.43051081895828,
        "y": 0.43051081895828
      },
      {
        "x": 1.0,
        "y": 0.99999994039536
      },
      {
        "x": 0.0,
        "y": 0.98421490192413
      },
      {
        "x": 1.0,
        "y": 0.99999994039536
      },
      {
        "x": 0.0,
        "y": 0.99999994039536
      },
      {
        "x": 0.0,
        "y": 0.98421490192413
      },
      {
        "x": 0.76523756980896,
        "y": 0.0
      },
      {
        "x": 1.0,
        "y": 0.0
      },
      {
        "x": 1.0,
        "y": 0.99999994039536
      },
      {
        "x": 0.76523756980896,
        "y": 0.0
      },
      {
        "x": 1.0,
        "y": 0.99999994039536
      },
      {
        "x": 0.43051081895828,
        "y": 0.43051081895828
      },
      {
        "x": 0.99999994039536,
        "y": 0.99999994039536
      },
      {
        "x": 0.0,
        "y": 0.99999994039536
      },
      {
        "x": 0.049015045166016,
        "y": 0.98421490192413
      },
      {
        "x": 0.049015045166016,
        "y": 0.98421490192413
      },
      {
        "x": 0.0,
        "y": 0.99999994039536
      },
      {
        "x": 0.0,
        "y": 0.98421484231949
      },
      {
        "x": 0.98421490192413,
        "y": 0.98421490192413
      },
      {
        "x": 0.99999994039536,
        "y": 0.99999994039536
      },
      {
        "x": 0.049015045166016,
        "y": 0.98421490192413
      },
      {
        "x": 0.99999994039536,
        "y": 0.98421490192413
      },
      {
        "x": 0.99999994039536,
        "y": 0.99999994039536
      },
      {
        "x": 0.98421490192413,
        "y": 0.98421490192413
      },
      {
        "x": 1.0,
        "y": 0.99999994039536
      },
      {
        "x": 0.0,
        "y": 0.99999994039536
      },
      {
        "x": 0.0,
        "y": 0.0
      },
      {
        "x": 1.0,
        "y": 0.98421484231949
      },
      {
        "x": 1.0,
        "y": 0.99999994039536
      },
      {
        "x": 0.23476243019104,
        "y": 0.0
      },
      {
        "x": 1.0,
        "y": 0.99999994039536
      },
      {
        "x": 0.0,
        "y": 0.0
      },
      {
        "x": 0.23476243019104,
        "y": 0.0
      },
      {
        "x": 0.99999994039536,
        "y": 1.0
      },
      {
        "x": 0.0,
        "y": 1.0
      },
      {
        "x": 0.038333475589752,
        "y": 0.7652376294136
      },
      {
        "x": 0.038333475589752,
        "y": 0.7652376294136
      },
      {
        "x": 0.0,
        "y": 1.0
      },
      {
        "x": 0.0,
        "y": 0.76523756980896
      },
      {
        "x": 0.76523756980896,
        "y": 0.7652376294136
      },
      {
        "x": 0.99999994039536,
        "y": 1.0
      },
      {
        "x": 0.038333475589752,
        "y": 0.7652376294136
      },
      {
        "x": 0.99999994039536,
        "y": 0.76523756980896
      },
      {
        "x": 0.99999994039536,
        "y": 1.0
      },
      {
        "x": 0.76523756980896,
        "y": 0.7652376294136
      },
      {
        "x": 0.0,
        "y": 0.0
      },
      {
        "x": 0.99999994039536,
        "y": 0.0
      },
      {
        "x": 0.99999994039536,
        "y": 1.0
      },
      {
        "x": 0.99999994039536,
        "y": 1.0
      },
      {
        "x": 0.0,
        "y": 1.0
      },
      {
        "x": 0.0,
        "y": 0.0
      },
      {
        "x": 0.95521485805511,
        "y": 5.9604644775391e-08
      },
      {
        "x": 0.9616664648056,
        "y": 0.0
      },
      {
        "x": 0.0,
        "y": 0.98421484231949
      },
      {
        "x": 0.0,
        "y": 0.98421484231949
      },
      {
        "x": 0.9616664648056,
        "y": -5.9604644775391e-08
      },
      {
        "x": 0.049015045166016,
        "y": 0.98421490192413
      },
      {
        "x": 0.2347623705864,
        "y": 0.0
      },
      {
        "x": 0.95521485805511,
        "y": 5.9604644775391e-08
      },
      {
        "x": 0.0,
        "y": 0.98421490192413
      },
      {
        "x": 0.0,
        "y": 0.0
      },
      {
        "x": 0.2347623705864,
        "y": 0.0
      },
      {
        "x": 0.0,
        "y": 0.98421490192413
      },
      {
        "x": 0.054395496845245,
        "y": 0.98421490192413
      },
      {
        "x": 0.049015045166016,
        "y": 0.98421490192413
      },
      {
        "x": 0.99999994039536,
        "y": -5.9604644775391e-08
      },
      {
        "x": 0.9616664648056,
        "y": 0.0
      },
      {
        "x": 0.99999994039536,
        "y": 0.0
      },
      {
        "x": 0.049015045166016,
        "y": 0.98421490192413
      },
      {
        "x": 0.14743667840958,
        "y": 0.98421490192413
      },
      {
        "x": 0.99999994039536,
        "y": -5.9604644775391e-08
      },
      {
        "x": 0.99999994039536,
        "y": 0.43051081895828
      },
      {
        "x": 0.14743667840958,
        "y": 0.98421490192413
      },
      {
        "x": 0.054395496845245,
        "y": 0.98421490192413
      },
      {
        "x": 0.99999994039536,
        "y": -5.9604644775391e-08
      },
      {
        "x": 0.99999994039536,
        "y": 0.98421490192413
      },
      {
        "x": 0.98421490192413,
        "y": 0.98421490192413
      },
      {
        "x": 0.99999994039536,
        "y": 0.43051081895828
      },
      {
        "x": 0.98421490192413,
        "y": 0.98421490192413
      },
      {
        "x": 0.14743667840958,
        "y": 0.98421490192413
      },
      {
        "x": 0.99999994039536,
        "y": 0.43051081895828
      }
    ],
    "uv3s": [
      {
        "x": 4.9999990463257,
        "y": 4.9999990463257
      },
      {
        "x": 0.0,
        "y": 4.9999990463257
      },
      {
        "x": 0.0,
        "y": 0.0
      },
      {
        "x": 0.0,
        "y": 0.0
      },
      {
        "x": 4.9999990463257,
        "y": 0.0
      },
      {
        "x": 4.9999990463257,
        "y": 4.9999990463257
      },
      {
        "x": 10.332259178162,
        "y": 2.1525537967682
      },
      {
        "x": 23.999998092651,
        "y": 4.9999990463257
      },
      {
        "x": 0.0,
        "y": 4.9210743904114
      },
      {
        "x": 23.999998092651,
        "y": 4.9999990463257
      },
      {
        "x": 0.0,
        "y": 4.9999990463257
      },
      {
        "x": 0.0,
        "y": 4.9210743904114
      },
      {
        "x": 18.365699768066,
        "y": 0.0
      },
      {
        "x": 23.999998092651,
        "y": 0.0
      },
      {
        "x": 23.999998092651,
        "y": 4.9999990463257
      },
      {
        "x": 18.365699768066,
        "y": 0.0
      },
      {
        "x": 23.999998092651,
        "y": 4.9999990463257
      },
      {
        "x": 10.332260131836,
        "y": 2.1525540351868
      },
      {
        "x": 4.9999990463257,
        "y": 4.9999990463257
      },
      {
        "x": 0.0,
        "y": 4.9999990463257
      },
      {
        "x": 0.24507516622543,
        "y": 4.9210739135742
      },
      {
        "x": 0.24507516622543,
        "y": 4.9210739135742
      },
      {
        "x": 0.0,
        "y": 4.9999990463257
      },
      {
        "x": 0.0,
        "y": 4.9210734367371
      },
      {
        "x": 4.9210734367371,
        "y": 4.9210734367371
      },
      {
        "x": 4.9999990463257,
        "y": 4.9999990463257
      },
      {
        "x": 0.24507516622543,
        "y": 4.9210739135742
      },
      {
        "x": 4.9999990463257,
        "y": 4.9210743904114
      },
      {
        "x": 4.9999990463257,
        "y": 4.9999990463257
      },
      {
        "x": 4.9210739135742,
        "y": 4.9210739135742
      },
      {
        "x": 23.999998092651,
        "y": 4.9999990463257
      },
      {
        "x": 0.0,
        "y": 4.9999990463257
      },
      {
        "x": 0.0,
        "y": 0.0
      },
      {
        "x": 23.999998092651,
        "y": 4.9210753440857
      },
      {
        "x": 23.999998092651,
        "y": 4.9999990463257
      },
      {
        "x": 5.6342973709106,
        "y": 0.0
      },
      {
        "x": 23.999998092651,
        "y": 4.9999990463257
      },
      {
        "x": 0.0,
        "y": 0.0
      },
      {
        "x": 5.6342973709106,
        "y": 0.0
      },
      {
        "x": 4.9999990463257,
        "y": 23.999998092651
      },
      {
        "x": 0.0,
        "y": 23.999998092651
      },
      {
        "x": 0.19166749715805,
        "y": 18.365699768066
      },
      {
        "x": 0.19166749715805,
        "y": 18.365699768066
      },
      {
        "x": 0.0,
        "y": 23.999998092651
      },
      {
        "x": 0.0,
        "y": 18.365701675415
      },
      {
        "x": 3.8261871337891,
        "y": 18.365699768066
      },
      {
        "x": 4.9999990463257,
        "y": 23.999998092651
      },
      {
        "x": 0.19166749715805,
        "y": 18.365699768066
      },
      {
        "x": 4.9999990463257,
        "y": 18.365699768066
      },
      {
        "x": 4.9999990463257,
        "y": 23.999998092651
      },
      {
        "x": 3.8261871337891,
        "y": 18.365699768066
      },
      {
        "x": 4.9999990463257,
        "y": 23.999998092651
      },
      {
        "x": 0.0,
        "y": 23.999998092651
      },
      {
        "x": 0.0,
        "y": 0.0
      },
      {
        "x": 0.0,
        "y": 0.0
      },
      {
        "x": 4.9999990463257,
        "y": 0.0
      },
      {
        "x": 4.9999990463257,
        "y": 23.999998092651
      },
      {
        "x": 0.87934583425522,
        "y": 0.88472211360931
      },
      {
        "x": 0.88472205400467,
        "y": 0.88472205400467
      },
      {
        "x": 0.083333253860474,
        "y": 0.12417906522751
      },
      {
        "x": 0.083333253860474,
        "y": 0.12417906522751
      },
      {
        "x": 0.88472205400467,
        "y": 0.88472205400467
      },
      {
        "x": 0.12417910993099,
        "y": 0.12417910993099
      },
      {
        "x": 0.27896869182587,
        "y": 0.88472217321396
      },
      {
        "x": 0.87934583425522,
        "y": 0.88472211360931
      },
      {
        "x": 0.083333253860474,
        "y": 0.12417906522751
      },
      {
        "x": 0.083333320915699,
        "y": 0.88472211360931
      },
      {
        "x": 0.27896869182587,
        "y": 0.88472217321396
      },
      {
        "x": 0.083333253860474,
        "y": 0.12417906522751
      },
      {
        "x": 0.12866288423538,
        "y": 0.1241791471839
      },
      {
        "x": 0.1241791844368,
        "y": 0.1241791844368
      },
      {
        "x": 0.91666674613953,
        "y": 0.88472211360931
      },
      {
        "x": 0.88472211360931,
        "y": 0.88472211360931
      },
      {
        "x": 0.91666674613953,
        "y": 0.88472211360931
      },
      {
        "x": 0.1241791844368,
        "y": 0.1241791844368
      },
      {
        "x": 0.20619720220566,
        "y": 0.12417919188738
      },
      {
        "x": 0.91666674613953,
        "y": 0.88472211360931
      },
      {
        "x": 0.91666674613953,
        "y": 0.55204886198044
      },
      {
        "x": 0.20619720220566,
        "y": 0.12417919188738
      },
      {
        "x": 0.12866288423538,
        "y": 0.1241791471839
      },
      {
        "x": 0.91666674613953,
        "y": 0.88472211360931
      },
      {
        "x": 0.91666668653488,
        "y": 0.12417913973331
      },
      {
        "x": 0.90351194143295,
        "y": 0.12417903542519
      },
      {
        "x": 0.91666674613953,
        "y": 0.55204886198044
      },
      {
        "x": 0.90351194143295,
        "y": 0.12417903542519
      },
      {
        "x": 0.20619720220566,
        "y": 0.12417919188738
      },
      {
        "x": 0.91666674613953,
        "y": 0.55204886198044
      }
    ],
    "uvs": [
      {
        "x": 1.0,
        "y": 1.0
      },
      {
        "x": 0.0,
        "y": 1.0
      },
      {
        "x": 0.0,
        "y": 0.0
      },
      {
        "x": 0.0,
        "y": 0.0
      },
      {
        "x": 1.0,
        "y": 0.0
      },
      {
        "x": 1.0,
        "y": 1.0
      },
      {
        "x": 0.43051081895828,
        "y": 0.43051081895828
      },
      {
        "x": 1.0,
        "y": 1.0
      },
      {
        "x": 0.0,
        "y": 0.98421496152878
      },
      {
        "x": 1.0,
        "y": 1.0
      },
      {
        "x": 0.0,
        "y": 1.0
      },
      {
        "x": 0.0,
        "y": 0.98421496152878
      },
      {
        "x": 0.76523756980896,
        "y": 0.0
      },
      {
        "x": 1.0,
        "y": 0.0
      },
      {
        "x": 1.0,
        "y": 1.0
      },
      {
        "x": 0.76523756980896,
        "y": 0.0
      },
      {
        "x": 1.0,
        "y": 1.0
      },
      {
        "x": 0.43051081895828,
        "y": 0.43051081895828
      },
      {
        "x": 1.0,
        "y": 1.0
      },
      {
        "x": 0.0,
        "y": 1.0
      },
      {
        "x": 0.049015045166016,
        "y": 0.98421490192413
      },
      {
        "x": 0.049015045166016,
        "y": 0.98421490192413
      },
      {
        "x": 0.0,
        "y": 1.0
      },
      {
        "x": 0.0,
        "y": 0.98421490192413
      },
      {
        "x": 0.98421490192413,
        "y": 0.98421490192413
      },
      {
        "x": 1.0,
        "y": 1.0
      },
      {
        "x": 0.049015045166016,
        "y": 0.98421490192413
      },
      {
        "x": 1.0,
        "y": 0.98421496152878
      },
      {
        "x": 1.0,
        "y": 1.0
      },
      {
        "x": 0.98421490192413,
        "y": 0.98421490192413
      },
      {
        "x": 1.0,
        "y": 1.0
      },
      {
        "x": 0.0,
        "y": 1.0
      },
      {
        "x": 0.0,
        "y": 0.0
      },
      {
        "x": 1.0,
        "y": 0.98421490192413
      },
      {
        "x": 1.0,
        "y": 1.0
      },
      {
        "x": 0.23476243019104,
        "y": 0.0
      },
      {
        "x": 1.0,
        "y": 1.0
      },
      {
        "x": 0.0,
        "y": 0.0
      },
      {
        "x": 0.23476243019104,
        "y": 0.0
      },
      {
        "x": 1.0,
        "y": 1.0
      },
      {
        "x": 0.0,
        "y": 1.0
      },
      {
        "x": 0.038333475589752,
        "y": 0.7652376294136
      },
      {
        "x": 0.038333475589752,
        "y": 0.7652376294136
      },
      {
        "x": 0.0,
        "y": 1.0
      },
      {
        "x": 0.0,
        "y": 0.76523756980896
      },
      {
        "x": 0.76523756980896,
        "y": 0.7652376294136
      },
      {
        "x": 1.0,
        "y": 1.0
      },
      {
        "x": 0.038333475589752,
        "y": 0.7652376294136
      },
      {
        "x": 1.0,
        "y": 0.76523756980896
      },
      {
        "x": 1.0,
        "y": 1.0
      },
      {
        "x": 0.76523756980896,
        "y": 0.7652376294136
      },
      {
        "x": 0.0,
        "y": 0.0
      },
      {
        "x": 1.0,
        "y": 0.0
      },
      {
        "x": 1.0,
        "y": 1.0
      },
      {
        "x": 1.0,
        "y": 1.0
      },
      {
        "x": 0.0,
        "y": 1.0
      },
      {
        "x": 0.0,
        "y": 0.0
      },
      {
        "x": 0.95521491765976,
        "y": 5.9604644775391e-08
      },
      {
        "x": 0.96166652441025,
        "y": 0.0
      },
      {
        "x": 0.0,
        "y": 0.98421490192413
      },
      {
        "x": 0.0,
        "y": 0.98421490192413
      },
      {
        "x": 0.96166652441025,
        "y": -1.1920928955078e-07
      },
      {
        "x": 0.049015045166016,
        "y": 0.98421490192413
      },
      {
        "x": 0.2347623705864,
        "y": 0.0
      },
      {
        "x": 0.95521491765976,
        "y": 5.9604644775391e-08
      },
      {
        "x": 0.0,
        "y": 0.98421496152878
      },
      {
        "x": 0.0,
        "y": 0.0
      },
      {
        "x": 0.2347623705864,
        "y": 0.0
      },
      {
        "x": 0.0,
        "y": 0.98421490192413
      },
      {
        "x": 0.054395496845245,
        "y": 0.98421496152878
      },
      {
        "x": 0.049015045166016,
        "y": 0.98421490192413
      },
      {
        "x": 1.0,
        "y": -1.1920928955078e-07
      },
      {
        "x": 0.96166652441025,
        "y": 0.0
      },
      {
        "x": 1.0,
        "y": 0.0
      },
      {
        "x": 0.049015045166016,
        "y": 0.98421496152878
      },
      {
        "x": 0.14743667840958,
        "y": 0.98421490192413
      },
      {
        "x": 1.0,
        "y": -1.1920928955078e-07
      },
      {
        "x": 1.0,
        "y": 0.43051081895828
      },
      {
        "x": 0.14743667840958,
        "y": 0.98421490192413
      },
      {
        "x": 0.054395496845245,
        "y": 0.98421496152878
      },
      {
        "x": 1.0,
        "y": -1.1920928955078e-07
      },
      {
        "x": 1.0,
        "y": 0.98421496152878
      },
      {
        "x": 0.98421490192413,
        "y": 0.98421490192413
      },
      {
        "x": 1.0,
        "y": 0.43051081895828
      },
      {
        "x": 0.98421490192413,
        "y": 0.98421490192413
      },
      {
        "x": 0.14743667840958,
        "y": 0.98421490192413
      },
      {
        "x": 1.0,
        "y": 0.43051081895828
      }
    ],
    "vertices": [
      {
        "x": 0.5,
        "y": -0.49999997019768,
        "z": -0.49999997019768
      },
      {
        "x": 0.5,
        "y": -0.49999997019768,
        "z": 0.49999997019768
      },
      {
        "x": 0.5,
        "y": 0.49999997019768,
        "z": 0.49999997019768
      },
      {
        "x": 0.5,
        "y": 0.49999997019768,
        "z": 0.49999997019768
      },
      {
        "x": 0.5,
        "y": 0.49999997019768,
        "z": -0.49999997019768
      },
      {
        "x": 0.5,
        "y": -0.49999997019768,
        "z": -0.49999997019768
      },
      {
        "x": -0.069489181041718,
        "y": 0.069489151239395,
        "z": 0.49999997019768
      },
      {
        "x": 0.5,
        "y": -0.49999997019768,
        "z": 0.49999997019768
      },
      {
        "x": -0.5,
        "y": -0.48421496152878,
        "z": 0.49999997019768
      },
      {
        "x": 0.5,
        "y": -0.49999997019768,
        "z": 0.49999997019768
      },
      {
        "x": -0.5,
        "y": -0.49999997019768,
        "z": 0.49999997019768
      },
      {
        "x": -0.5,
        "y": -0.48421496152878,
        "z": 0.49999997019768
      },
      {
        "x": 0.26523756980896,
        "y": 0.49999997019768,
        "z": 0.49999997019768
      },
      {
        "x": 0.5,
        "y": 0.49999997019768,
        "z": 0.49999997019768
      },
      {
        "x": 0.5,
        "y": -0.49999997019768,
        "z": 0.49999997019768
      },
      {
        "x": 0.26523756980896,
        "y": 0.49999997019768,
        "z": 0.49999997019768
      },
      {
        "x": 0.5,
        "y": -0.49999997019768,
        "z": 0.49999997019768
      },
      {
        "x": -0.069489181041718,
        "y": 0.069489151239395,
        "z": 0.49999997019768
      },
      {
        "x": -0.5,
        "y": -0.49999997019768,
        "z": 0.49999997019768
      },
      {
        "x": -0.5,
        "y": -0.49999997019768,
        "z": -0.49999997019768
      },
      {
        "x": -0.5,
        "y": -0.48421490192413,
        "z": -0.45098492503166
      },
      {
        "x": -0.5,
        "y": -0.48421490192413,
        "z": -0.45098492503166
      },
      {
        "x": -0.5,
        "y": -0.49999997019768,
        "z": -0.49999997019768
      },
      {
        "x": -0.5,
        "y": -0.48421487212181,
        "z": -0.49999997019768
      },
      {
        "x": -0.5,
        "y": -0.48421490192413,
        "z": 0.48421490192413
      },
      {
        "x": -0.5,
        "y": -0.49999997019768,
        "z": 0.49999997019768
      },
      {
        "x": -0.5,
        "y": -0.48421490192413,
        "z": -0.45098492503166
      },
      {
        "x": -0.5,
        "y": -0.48421496152878,
        "z": 0.49999997019768
      },
      {
        "x": -0.5,
        "y": -0.49999997019768,
        "z": 0.49999997019768
      },
      {
        "x": -0.5,
        "y": -0.48421490192413,
        "z": 0.48421490192413
      },
      {
        "x": -0.5,
        "y": -0.49999997019768,
        "z": -0.49999997019768
      },
      {
        "x": 0.5,
        "y": -0.49999997019768,
        "z": -0.49999997019768
      },
      {
        "x": 0.5,
        "y": 0.49999997019768,
        "z": -0.49999997019768
      },
      {
        "x": -0.5,
        "y": -0.48421487212181,
        "z": -0.49999997019768
      },
      {
        "x": -0.5,
        "y": -0.49999997019768,
        "z": -0.49999997019768
      },
      {
        "x": 0.26523759961128,
        "y": 0.49999997019768,
        "z": -0.49999997019768
      },
      {
        "x": -0.5,
        "y": -0.49999997019768,
        "z": -0.49999997019768
      },
      {
        "x": 0.5,
        "y": 0.49999997019768,
        "z": -0.49999997019768
      },
      {
        "x": 0.26523759961128,
        "y": 0.49999997019768,
        "z": -0.49999997019768
      },
      {
        "x": 0.5,
        "y": 0.49999997019768,
        "z": -0.49999997019768
      },
      {
        "x": 0.5,
        "y": 0.49999997019768,
        "z": 0.49999997019768
      },
      {
        "x": 0.2652376294136,
        "y": 0.49999997019768,
        "z": 0.46166649460793
      },
      {
        "x": 0.2652376294136,
        "y": 0.49999997019768,
        "z": 0.46166649460793
      },
      {
        "x": 0.5,
        "y": 0.49999997019768,
        "z": 0.49999997019768
      },
      {
        "x": 0.26523756980896,
        "y": 0.49999997019768,
        "z": 0.49999997019768
      },
      {
        "x": 0.2652376294136,
        "y": 0.49999997019768,
        "z": -0.26523756980896
      },
      {
        "x": 0.5,
        "y": 0.49999997019768,
        "z": -0.49999997019768
      },
      {
        "x": 0.2652376294136,
        "y": 0.49999997019768,
        "z": 0.46166649460793
      },
      {
        "x": 0.26523759961128,
        "y": 0.49999997019768,
        "z": -0.49999997019768
      },
      {
        "x": 0.5,
        "y": 0.49999997019768,
        "z": -0.49999997019768
      },
      {
        "x": 0.2652376294136,
        "y": 0.49999997019768,
        "z": -0.26523756980896
      },
      {
        "x": 0.5,
        "y": -0.49999997019768,
        "z": 0.49999997019768
      },
      {
        "x": 0.5,
        "y": -0.49999997019768,
        "z": -0.49999997019768
      },
      {
        "x": -0.5,
        "y": -0.49999997019768,
        "z": -0.49999997019768
      },
      {
        "x": -0.5,
        "y": -0.49999997019768,
        "z": -0.49999997019768
      },
      {
        "x": -0.5,
        "y": -0.49999997019768,
        "z": 0.49999997019768
      },
      {
        "x": 0.5,
        "y": -0.49999997019768,
        "z": 0.49999997019768
      },
      {
        "x": 0.26523756980896,
        "y": 0.49999994039536,
        "z": 0.45521491765976
      },
      {
        "x": 0.2652376294136,
        "y": 0.49999997019768,
        "z": 0.46166649460793
      },
      {
        "x": -0.5,
        "y": -0.48421487212181,
        "z": -0.49999997019768
      },
      {
        "x": -0.5,
        "y": -0.48421487212181,
        "z": -0.49999997019768
      },
      {
        "x": 0.2652376294136,
        "y": 0.49999997019768,
        "z": 0.46166649460793
      },
      {
        "x": -0.5,
        "y": -0.48421490192413,
        "z": -0.45098492503166
      },
      {
        "x": 0.2652376294136,
        "y": 0.49999997019768,
        "z": -0.26523756980896
      },
      {
        "x": 0.26523756980896,
        "y": 0.49999994039536,
        "z": 0.45521491765976
      },
      {
        "x": -0.5,
        "y": -0.48421487212181,
        "z": -0.49999997019768
      },
      {
        "x": 0.26523759961128,
        "y": 0.49999997019768,
        "z": -0.49999997019768
      },
      {
        "x": 0.2652376294136,
        "y": 0.49999997019768,
        "z": -0.26523756980896
      },
      {
        "x": -0.5,
        "y": -0.48421487212181,
        "z": -0.49999997019768
      },
      {
        "x": -0.5,
        "y": -0.48421493172646,
        "z": -0.44560450315475
      },
      {
        "x": -0.5,
        "y": -0.48421490192413,
        "z": -0.45098492503166
      },
      {
        "x": 0.26523756980896,
        "y": 0.49999997019768,
        "z": 0.49999997019768
      },
      {
        "x": 0.2652376294136,
        "y": 0.49999997019768,
        "z": 0.46166649460793
      },
      {
        "x": 0.26523756980896,
        "y": 0.49999997019768,
        "z": 0.49999997019768
      },
      {
        "x": -0.5,
        "y": -0.48421490192413,
        "z": -0.45098492503166
      },
      {
        "x": -0.5,
        "y": -0.48421490192413,
        "z": -0.3525632917881
      },
      {
        "x": 0.26523756980896,
        "y": 0.49999997019768,
        "z": 0.49999997019768
      },
      {
        "x": -0.069489181041718,
        "y": 0.069489151239395,
        "z": 0.49999997019768
      },
      {
        "x": -0.5,
        "y": -0.48421490192413,
        "z": -0.3525632917881
      },
      {
        "x": -0.5,
        "y": -0.48421493172646,
        "z": -0.44560450315475
      },
      {
        "x": 0.26523756980896,
        "y": 0.49999997019768,
        "z": 0.49999997019768
      },
      {
        "x": -0.5,
        "y": -0.48421496152878,
        "z": 0.49999997019768
      },
      {
        "x": -0.5,
        "y": -0.48421490192413,
        "z": 0.48421490192413
      },
      {
        "x": -0.069489181041718,
        "y": 0.069489151239395,
        "z": 0.49999997019768
      },
      {
        "x": -0.5,
        "y": -0.48421490192413,
        "z": 0.48421490192413
      },
      {
        "x": -0.5,
        "y": -0.48421490192413,
        "z": -0.3525632917881
      },
      {
        "x": -0.069489181041718,
        "y": 0.069489151239395,
        "z": 0.49999997019768
      }
    ]
  }
}