[
  {
    "children": [
      {
        "class": "Decal",
        "customProperties": [],
        "properties": {
          "decalAlpha": "1",
          "decalColor": "r:1.0 g:1.0 b:1.0 a:1.0",
          "decalImageType": "0",
          "decalOffset": "x:0 y:0 z:1.0",
          "decalSurface": "0",
          "decalTexture": "",
          "decalTiling": "x:0 y:0 z:1.0",
          "id": "8673307749780275201",
          "name": "Decal"
        }
      }
    ],
    "class": "Part",
    "customProperties": [],
    "properties": {
      "angleVelocity": "x:0 y:0 z:0",
      "batchType": "Static",
      "bloom": "false",
      "booleanOperation": "0",
      "btsKey": "3ab8a4c0-7175-47b1-beb5-4ef8d28fae95",
      "cameraCollideEnable": "true",
      "collisionFidelity": "0",
      "collisionUniqueKey": "",
      "customThreshold": "1",
      "density": "2.2",
      "discardAlpha": "1",
      "friction": "0.37",
      "id": "8673307749779734529",
      "isLockedInEditor": "false",
      "isVisibleInEditor": "true",
      "lineVelocity": "x:0 y:0 z:0",
      "mass": "0",
      "materialAlpha": "1.0",
      "materialColor": "r:1.0 g:0.84705882352941 b:0.45882352941176 a:1.0",
      "materialOffset": "x:1 y:1 z:1.0",
      "materialTexture": "part_suliao.tga",
      "name": "Broken plate",
      "needSync": "true",
      "partNavMeshType": "1",
      "position": "x:44.689163208008 y:40.681007385254 z:9.7464065551758",
      "restitution": "0.3",
      "rotation": "x:0 y:0 z:0",
      "scale": "x:2 y:0.2 z:2",
      "selectable": "true",
      "shape": "1",
      "staticBatchNo": "",
      "staticObject": "false",
      "useAnchor": "true",
      "useCollide": "true",
      "useGravity": "true",
      "useTextureAlpha": "false"
    }
  },
  {
    "class": "Part",
    "customProperties": [],
    "properties": {
      "angleVelocity": "x:0 y:0 z:0",
      "batchType": "Static",
      "bloom": "false",
      "booleanOperation": "0",
      "btsKey": "5b178a7f-e620-4b02-ad7b-5b5518319f48",
      "cameraCollideEnable": "true",
      "collisionFidelity": "0",
      "collisionUniqueKey": "",
      "customThreshold": "1",
      "density": "2.2",
      "discardAlpha": "1",
      "friction": "0.37",
      "id": "8674783414697869313",
      "isLockedInEditor": "false",
      "isVisibleInEditor": "true",
      "lineVelocity": "x:0 y:0 z:0",
      "mass": "0",
      "materialAlpha": "1.0",
      "materialColor": "r:1.0 g:1.0 b:1.0 a:1.0",
      "materialOffset": "x:1 y:1 z:1.0",
      "materialTexture": "part_suliao.tga",
      "name": "Color plate",
      "needSync": "true",
      "partNavMeshType": "1",
      "position": "x:7.9737215042114 y:2.1 z:0.22429415583611",
      "restitution": "0.3",
      "rotation": "x:0 y:0 z:0",
      "scale": "x:4 y:0.1 z:4",
      "selectable": "true",
      "shape": "1",
      "staticBatchNo": "",
      "staticObject": "false",
      "useAnchor": "true",
      "useCollide": "true",
      "useGravity": "true",
      "useTextureAlpha": "false"
    }
  },
  {
    "children": [
      {
        "class": "Decal",
        "customProperties": [],
        "properties": {
          "decalAlpha": "1",
          "decalColor": "r:1.0 g:1.0 b:1.0 a:1.0",
          "decalImageType": "0",
          "decalOffset": "x:0 y:0 z:1.0",
          "decalSurface": "4",
          "decalTexture": "asset/Texture/Item/dw.png",
          "decalTiling": "x:0 y:0 z:1.0",
          "id": "8676026891951439873",
          "name": "Decal"
        }
      }
    ],
    "class": "Part",
    "customProperties": [],
    "properties": {
      "angleVelocity": "x:0 y:0 z:0",
      "batchType": "Static",
      "bloom": "false",
      "booleanOperation": "0",
      "btsKey": "75a0f329-6015-47bc-b023-c80546cbc3a9",
      "cameraCollideEnable": "true",
      "collisionFidelity": "0",
      "collisionUniqueKey": "",
      "customThreshold": "1",
      "density": "2.2",
      "discardAlpha": "1",
      "friction": "0.37",
      "id": "8676026891950833665",
      "isLockedInEditor": "false",
      "isVisibleInEditor": "true",
      "lineVelocity": "x:0 y:0 z:0",
      "mass": "0",
      "materialAlpha": "1.0",
      "materialColor": "r:1.0 g:1.0 b:1.0 a:1.0",
      "materialOffset": "x:1 y:1 z:1.0",
      "materialTexture": "part_suliao.tga",
      "name": "Checkpoint",
      "needSync": "true",
      "partNavMeshType": "1",
      "position": "x:50 y:20 z:50",
      "restitution": "0.3",
      "rotation": "x:0 y:0 z:0",
      "scale": "x:10 y:0.2 z:10",
      "selectable": "true",
      "shape": "1",
      "staticBatchNo": "",
      "staticObject": "false",
      "useAnchor": "true",
      "useCollide": "true",
      "useGravity": "true",
      "useTextureAlpha": "false"
    }
  },
  {
    "class": "Part",
    "customProperties": [],
    "properties": {
      "angleVelocity": "x:0 y:0 z:0",
      "batchType": "Static",
      "bloom": "false",
      "booleanOperation": "0",
      "btsKey": "9661a34c-7969-4bc0-821f-2f4585e8f5d1",
      "cameraCollideEnable": "true",
      "collisionFidelity": "0",
      "collisionUniqueKey": "",
      "customThreshold": "1",
      "density": "2.2",
      "discardAlpha": "0.0",
      "friction": "0.37",
      "id": "8680142961308712961",
      "isLockedInEditor": "false",
      "isVisibleInEditor": "true",
      "lineVelocity": "x:0 y:0 z:0",
      "mass": "0",
      "materialAlpha": "1.0",
      "materialColor": "r:1.0 g:1.0 b:1.0 a:1.0",
      "materialOffset": "x:1 y:1 z:1.0",
      "materialTexture": "part_suliao.tga",
      "name": "Break part",
      "needSync": "true",
      "partNavMeshType": "1",
      "position": "x:0 y:20 z:0",
      "restitution": "0.3",
      "rotation": "x:0 y:0 z:0",
      "scale": "x:2 y:0.2 z:2",
      "selectable": "true",
      "shape": "1",
      "staticBatchNo": "",
      "staticObject": "false",
      "useAnchor": "true",
      "useCollide": "true",
      "useGravity": "true",
      "useTextureAlpha": "false"
    }
  }
]