{
  "autoRotateColliderBox": true,
  "collideEntity": 6,
  "collider": {
    "extent": {
      "x": 1.5,
      "y": 1.5,
      "z": 1.5
    },
    "offset": {
      "x": 0,
      "y": 0,
      "z": 0
    },
    "rotation": {
      "x": 0,
      "y": 0,
      "z": 0
    },
    "type": "Box"
  },
  "followTarget": false,
  "followTargetRotation": true,
  "followTargetRotationOffset": {
    "x": 0,
    "y": 0,
    "z": 0
  },
  "gravity": 0.0,
  "hitEntityCount": 1,
  "hitEntitySkill": "myplugin/3fd64444-f189-4c30-bb1a-fa1e1964d7f9",
  "hitEntitysRoles": [
    "hitAllTeam",
    "hitAllEntitys",
    "hitAllConfigEntity"
  ],
  "hitInterval": 10,
  "isPitch": true,
  "lifeTime": 100,
  "lockRotateBodyPitch": 0,
  "lockRotateBodyRoll": 0,
  "lockRotateBodyYaw": 0,
  "modelMesh": "asset/Mesh/Silver Short Cannonball/g2050_grenadier_bullet.mesh",
  "moveAcc": 0.0,
  "moveSpeed": 2.0,
  "rotateFree": true,
  "rotateSpeed": 0.0,
  "startWithMoveAcc": true,
  "vanishShow": false,
  "vanishTime": 10
}