{
  "blinn": 0,
  "canBreak": true,
  "hdr": 0,
  "hideCloud": true,
  "moveDownGravity": 0.15,
  "scene": [
    {
      "class": "VoxelTerrain",
      "customProperties": [],
      "properties": {
        "__folder_id": "",
        "id": "26644713697705985",
        "name": "VoxelTerrain",
        "uniqueKey": "map001"
      }
    },
    {
      "class": "Light",
      "customProperties": [],
      "properties": {
        "batchType": "Static",
        "id": "8679522389374205953",
        "ID": "1",
        "lightActived": "true",
        "lightAngle": "30.0",
        "lightBrightness": "1.0",
        "lightColor": "r:1.0 g:1.0 b:1.0 a:1.0",
        "lightLength": "1.0",
        "lightRange": "8.0",
        "lightType": "GlobalLight",
        "lightWidth": "1.0",
        "name": "EnvironmentLight",
        "needSync": "true",
        "position": "x:0 y:0 z:0",
        "rotation": "x:0 y:0 z:0",
        "scale": "x:1 y:1 z:1",
        "selectable": "true",
        "shadowsDistance": "20.0",
        "shadowsIntensity": "1.0",
        "shadowsOffset": "0.02",
        "shadowsPresicion": "1024",
        "shadowsType": "null",
        "skyColor": "r:0.49803921568627 g:0.52156862745098 b:0.56078431372549 a:1.0",
        "skyLineColor": "r:0.24313725490196 g:0.24313725490196 b:0.2078431372549 a:1.0"
      }
    },
    {
      "children": [
        {
          "class": "Decal",
          "customProperties": [],
          "properties": {
            "decalAlpha": "1",
            "decalColor": "r:1.0 g:1.0 b:1.0 a:1.0",
            "decalImageType": "0",
            "decalOffset": "x:0 y:0 z:1.0",
            "decalSurface": "4",
            "decalTexture": "asset/Texture/Item/start.png",
            "decalTiling": "x:0 y:0 z:1.0",
            "id": "8673144195690987521",
            "name": "Decal"
          }
        }
      ],
      "class": "Part",
      "customProperties": [],
      "properties": {
        "angleVelocity": "x:0 y:0 z:0",
        "batchType": "Static",
        "bloom": "false",
        "booleanOperation": "0",
        "btsKey": "58bccc70-559a-436c-82fa-6bbf3484a3b9",
        "cameraCollideEnable": "true",
        "collisionFidelity": "0",
        "collisionUniqueKey": "",
        "customThreshold": "1",
        "density": "2.2",
        "discardAlpha": "1",
        "friction": "0.37",
        "id": "8673140989826990081",
        "isLockedInEditor": "false",
        "isVisibleInEditor": "true",
        "lineVelocity": "x:0 y:0 z:0",
        "mass": "43.999987411499",
        "materialAlpha": "1.0",
        "materialColor": "r:1.0 g:1.0 b:1.0 a:1.0",
        "materialOffset": "x:1 y:1 z:1.0",
        "materialTexture": "part_suliao.tga",
        "name": "Start",
        "needSync": "true",
        "partNavMeshType": "1",
        "position": "x:50 y:20 z:-50",
        "restitution": "0.3",
        "rotation": "x:0 y:0 z:0",
        "scale": "x:10 y:0.2 z:10",
        "selectable": "true",
        "shape": "1",
        "staticBatchNo": "",
        "staticObject": "false",
        "useAnchor": "true",
        "useCollide": "true",
        "useGravity": "true",
        "useTextureAlpha": "false"
      }
    },
    {
      "children": [
        {
          "class": "Decal",
          "customProperties": [],
          "properties": {
            "decalAlpha": "1",
            "decalColor": "r:1.0 g:1.0 b:1.0 a:1.0",
            "decalImageType": "0",
            "decalOffset": "x:0 y:0 z:1.0",
            "decalSurface": "4",
            "decalTexture": "asset/Texture/Item/dianliu.png",
            "decalTiling": "x:0 y:0 z:1.0",
            "id": "8673162496634634241",
            "name": "Decal"
          }
        }
      ],
      "class": "Part",
      "customProperties": [],
      "properties": {
        "angleVelocity": "x:0 y:0 z:0",
        "batchType": "Static",
        "bloom": "false",
        "booleanOperation": "0",
        "btsKey": "cad89e1e-809e-4c23-b17a-039573a8d94f",
        "cameraCollideEnable": "true",
        "collisionFidelity": "0",
        "collisionUniqueKey": "",
        "customThreshold": "1",
        "density": "2.2",
        "discardAlpha": "1",
        "friction": "0.37",
        "id": "8673156881497522177",
        "isLockedInEditor": "false",
        "isVisibleInEditor": "true",
        "lineVelocity": "x:0 y:0 z:0",
        "mass": "4.3999986886978",
        "materialAlpha": "1.0",
        "materialColor": "r:1.0 g:1.0 b:1.0 a:1.0",
        "materialOffset": "x:1 y:1 z:1.0",
        "materialTexture": "part_suliao.tga",
        "name": "Part",
        "needSync": "true",
        "partNavMeshType": "1",
        "position": "x:50 y:20 z:-43.09",
        "restitution": "0.3",
        "rotation": "x:0 y:0 z:0",
        "scale": "x:10 y:0.2 z:1",
        "selectable": "true",
        "shape": "1",
        "staticBatchNo": "",
        "staticObject": "false",
        "useAnchor": "true",
        "useCollide": "true",
        "useGravity": "true",
        "useTextureAlpha": "false"
      }
    },
    {
      "children": [
        {
          "class": "Decal",
          "customProperties": [],
          "properties": {
            "decalAlpha": "1",
            "decalColor": "r:1.0 g:1.0 b:1.0 a:1.0",
            "decalImageType": "0",
            "decalOffset": "x:0 y:0 z:1.0",
            "decalSurface": "4",
            "decalTexture": "asset/Texture/Item/dianliu.png",
            "decalTiling": "x:0 y:0 z:1.0",
            "id": "8673162452935426049",
            "name": "Decal"
          }
        }
      ],
      "class": "Part",
      "customProperties": [],
      "properties": {
        "angleVelocity": "x:0 y:0 z:0",
        "batchType": "Static",
        "bloom": "false",
        "booleanOperation": "0",
        "btsKey": "f8a6b302-19fc-4029-91c1-97b1884a2ccb",
        "cameraCollideEnable": "true",
        "collisionFidelity": "0",
        "collisionUniqueKey": "",
        "customThreshold": "1",
        "density": "2.2",
        "discardAlpha": "1",
        "friction": "0.37",
        "id": "8673158628491673601",
        "isLockedInEditor": "false",
        "isVisibleInEditor": "true",
        "lineVelocity": "x:0 y:0 z:0",
        "mass": "4.3999986886978",
        "materialAlpha": "1.0",
        "materialColor": "r:1.0 g:1.0 b:1.0 a:1.0",
        "materialOffset": "x:1 y:1 z:1.0",
        "materialTexture": "part_suliao.tga",
        "name": "Part",
        "needSync": "true",
        "partNavMeshType": "1",
        "position": "x:50 y:20 z:-40",
        "restitution": "0.3",
        "rotation": "x:0 y:0 z:0",
        "scale": "x:10 y:0.2 z:1",
        "selectable": "true",
        "shape": "1",
        "staticBatchNo": "",
        "staticObject": "false",
        "useAnchor": "true",
        "useCollide": "true",
        "useGravity": "true",
        "useTextureAlpha": "false"
      }
    },
    {
      "children": [
        {
          "class": "Decal",
          "customProperties": [],
          "properties": {
            "decalAlpha": "1",
            "decalColor": "r:1.0 g:1.0 b:1.0 a:1.0",
            "decalImageType": "0",
            "decalOffset": "x:0 y:0 z:1.0",
            "decalSurface": "4",
            "decalTexture": "asset/Texture/Item/dianliu.png",
            "decalTiling": "x:0 y:0 z:1.0",
            "id": "8673162562037202945",
            "name": "Decal"
          }
        }
      ],
      "class": "Part",
      "customProperties": [],
      "properties": {
        "angleVelocity": "x:0 y:0 z:0",
        "batchType": "Static",
        "bloom": "false",
        "booleanOperation": "0",
        "btsKey": "a4768de6-c14a-40f9-8e0f-3e03d241755b",
        "cameraCollideEnable": "true",
        "collisionFidelity": "0",
        "collisionUniqueKey": "",
        "customThreshold": "1",
        "density": "2.2",
        "discardAlpha": "1",
        "friction": "0.37",
        "id": "8673160110424653825",
        "isLockedInEditor": "false",
        "isVisibleInEditor": "true",
        "lineVelocity": "x:0 y:0 z:0",
        "mass": "4.3999986886978",
        "materialAlpha": "1.0",
        "materialColor": "r:1.0 g:1.0 b:1.0 a:1.0",
        "materialOffset": "x:1 y:1 z:1.0",
        "materialTexture": "part_suliao.tga",
        "name": "Part",
        "needSync": "true",
        "partNavMeshType": "1",
        "position": "x:50 y:20 z:-37",
        "restitution": "0.3",
        "rotation": "x:0 y:0 z:0",
        "scale": "x:10 y:0.2 z:1",
        "selectable": "true",
        "shape": "1",
        "staticBatchNo": "",
        "staticObject": "false",
        "useAnchor": "true",
        "useCollide": "true",
        "useGravity": "true",
        "useTextureAlpha": "false"
      }
    },
    {
      "class": "RegionPart",
      "customProperties": [],
      "properties": {
        "batchType": "Static",
        "cfgName": "myplugin/00c6b034-003d-484e-b24c-1c52255ec7bc",
        "id": "8673175937595441153",
        "name": "Region",
        "needSync": "true",
        "position": "x:0 y:10 z:0",
        "rotation": "x:0 y:0 z:0",
        "scale": "x:150 y:1 z:150",
        "selectable": "true"
      }
    },
    {
      "children": [
        {
          "class": "Decal",
          "customProperties": [],
          "properties": {
            "decalAlpha": "1",
            "decalColor": "r:1.0 g:1.0 b:1.0 a:1.0",
            "decalImageType": "0",
            "decalOffset": "x:0 y:0 z:1.0",
            "decalSurface": "4",
            "decalTexture": "asset/Texture/Item/dw.png",
            "decalTiling": "x:0 y:0 z:1.0",
            "id": "8673259351267557377",
            "name": "Decal"
          }
        }
      ],
      "class": "Part",
      "customProperties": [],
      "properties": {
        "angleVelocity": "x:0 y:0 z:0",
        "batchType": "Static",
        "bloom": "false",
        "booleanOperation": "0",
        "btsKey": "5cab4b8f-e801-4a82-94c8-68b2b01689ba",
        "cameraCollideEnable": "true",
        "collisionFidelity": "0",
        "collisionUniqueKey": "",
        "customThreshold": "1",
        "density": "2.2",
        "discardAlpha": "1",
        "friction": "0.37",
        "id": "8673254973042245633",
        "isLockedInEditor": "false",
        "isVisibleInEditor": "true",
        "lineVelocity": "x:0 y:0 z:0",
        "mass": "98.999974822998",
        "materialAlpha": "1.0",
        "materialColor": "r:1.0 g:1.0 b:1.0 a:1.0",
        "materialOffset": "x:1 y:1 z:1.0",
        "materialTexture": "part_suliao.tga",
        "name": "Part",
        "needSync": "true",
        "partNavMeshType": "1",
        "position": "x:50 y:40 z:0",
        "restitution": "0.3",
        "rotation": "x:0 y:0 z:0",
        "scale": "x:15 y:0.2 z:15",
        "selectable": "true",
        "shape": "1",
        "staticBatchNo": "",
        "staticObject": "false",
        "useAnchor": "true",
        "useCollide": "true",
        "useGravity": "true",
        "useTextureAlpha": "false"
      }
    },
    {
      "children": [
        {
          "class": "Part",
          "customProperties": [],
          "properties": {
            "angleVelocity": "x:0 y:0 z:0",
            "batchType": "Static",
            "bloom": "false",
            "booleanOperation": "0",
            "btsKey": "699c94b7-bb1b-4fd3-b9fb-8a8ee18b2c93",
            "cameraCollideEnable": "true",
            "collisionFidelity": "0",
            "collisionUniqueKey": "",
            "customThreshold": "1",
            "density": "2.2",
            "discardAlpha": "1",
            "friction": "0.37",
            "id": "8673273806880620545",
            "isLockedInEditor": "false",
            "isVisibleInEditor": "true",
            "lineVelocity": "x:0 y:30 z:0",
            "mass": "3.1085997104645",
            "materialAlpha": "1.0",
            "materialColor": "r:0.4 g:1.0 b:0.76470588235294 a:1.0",
            "materialOffset": "x:1 y:1 z:1.0",
            "materialTexture": "part_suliao.tga",
            "name": "Part",
            "needSync": "true",
            "partNavMeshType": "1",
            "position": "x:55.631572723389 y:26.061647415161 z:-17.721454620361",
            "restitution": "0.3",
            "rotation": "x:0 y:0 z:0",
            "scale": "x:3 y:0.2 z:3",
            "selectable": "true",
            "shape": "3",
            "staticBatchNo": "",
            "staticObject": "false",
            "useAnchor": "true",
            "useCollide": "true",
            "useGravity": "true",
            "useTextureAlpha": "false"
          }
        },
        {
          "class": "Part",
          "customProperties": [],
          "properties": {
            "angleVelocity": "x:0 y:0 z:0",
            "batchType": "Static",
            "bloom": "false",
            "booleanOperation": "0",
            "btsKey": "2af6f786-be9a-441b-9df8-db588f05c5d3",
            "cameraCollideEnable": "true",
            "collisionFidelity": "0",
            "collisionUniqueKey": "",
            "customThreshold": "1",
            "density": "2.2",
            "discardAlpha": "1",
            "friction": "0.37",
            "id": "8673180514694709249",
            "isLockedInEditor": "false",
            "isVisibleInEditor": "true",
            "lineVelocity": "x:0 y:30 z:0",
            "mass": "3.1085997104645",
            "materialAlpha": "1.0",
            "materialColor": "r:0.4 g:1.0 b:0.76470588235294 a:1.0",
            "materialOffset": "x:1 y:1 z:1.0",
            "materialTexture": "part_suliao.tga",
            "name": "Part",
            "needSync": "true",
            "partNavMeshType": "1",
            "position": "x:51.79700088501 y:20 z:-21.944999694824",
            "restitution": "0.3",
            "rotation": "x:0 y:0 z:0",
            "scale": "x:3 y:0.2 z:3",
            "selectable": "true",
            "shape": "3",
            "staticBatchNo": "",
            "staticObject": "false",
            "useAnchor": "true",
            "useCollide": "true",
            "useGravity": "true",
            "useTextureAlpha": "false"
          }
        },
        {
          "class": "Part",
          "customProperties": [],
          "properties": {
            "angleVelocity": "x:0 y:0 z:0",
            "batchType": "Static",
            "bloom": "false",
            "booleanOperation": "0",
            "btsKey": "1409a0c6-cce5-46b9-9beb-d4f236e686d0",
            "cameraCollideEnable": "true",
            "collisionFidelity": "0",
            "collisionUniqueKey": "",
            "customThreshold": "1",
            "density": "2.2",
            "discardAlpha": "1",
            "friction": "0.37",
            "id": "8673274742621208577",
            "isLockedInEditor": "false",
            "isVisibleInEditor": "true",
            "lineVelocity": "x:0 y:30 z:0",
            "mass": "3.1085997104645",
            "materialAlpha": "1.0",
            "materialColor": "r:0.4 g:1.0 b:0.76470588235294 a:1.0",
            "materialOffset": "x:1 y:1 z:1.0",
            "materialTexture": "part_suliao.tga",
            "name": "Part",
            "needSync": "true",
            "partNavMeshType": "1",
            "position": "x:44.944408416748 y:26.263671875 z:-17.841100692749",
            "restitution": "0.3",
            "rotation": "x:0 y:0 z:0",
            "scale": "x:3 y:0.2 z:3",
            "selectable": "true",
            "shape": "3",
            "staticBatchNo": "",
            "staticObject": "false",
            "useAnchor": "true",
            "useCollide": "true",
            "useGravity": "true",
            "useTextureAlpha": "false"
          }
        },
        {
          "class": "Part",
          "customProperties": [],
          "properties": {
            "angleVelocity": "x:0 y:0 z:0",
            "batchType": "Static",
            "bloom": "false",
            "booleanOperation": "0",
            "btsKey": "49f156da-b3d4-4abe-856b-e35e804f9c66",
            "cameraCollideEnable": "true",
            "collisionFidelity": "0",
            "collisionUniqueKey": "",
            "customThreshold": "1",
            "density": "2.2",
            "discardAlpha": "1",
            "friction": "0.37",
            "id": "8673273761395720193",
            "isLockedInEditor": "false",
            "isVisibleInEditor": "true",
            "lineVelocity": "x:0 y:30 z:0",
            "mass": "3.1085997104645",
            "materialAlpha": "1.0",
            "materialColor": "r:0.4 g:1.0 b:0.76470588235294 a:1.0",
            "materialOffset": "x:1 y:1 z:1.0",
            "materialTexture": "part_suliao.tga",
            "name": "Part",
            "needSync": "true",
            "partNavMeshType": "1",
            "position": "x:48.191986083984 y:20 z:-21.979154586792",
            "restitution": "0.3",
            "rotation": "x:0 y:0 z:0",
            "scale": "x:3 y:0.2 z:3",
            "selectable": "true",
            "shape": "3",
            "staticBatchNo": "",
            "staticObject": "false",
            "useAnchor": "true",
            "useCollide": "true",
            "useGravity": "true",
            "useTextureAlpha": "false"
          }
        },
        {
          "class": "Part",
          "customProperties": [],
          "properties": {
            "angleVelocity": "x:0 y:0 z:0",
            "batchType": "Static",
            "bloom": "false",
            "booleanOperation": "0",
            "btsKey": "c66a62a1-fb49-4ea2-8d6a-d72410266c06",
            "cameraCollideEnable": "true",
            "collisionFidelity": "0",
            "collisionUniqueKey": "",
            "customThreshold": "1",
            "density": "2.2",
            "discardAlpha": "1",
            "friction": "0.37",
            "id": "8673275034162839553",
            "isLockedInEditor": "false",
            "isVisibleInEditor": "true",
            "lineVelocity": "x:0 y:30 z:0",
            "mass": "8.6349988460541",
            "materialAlpha": "1.0",
            "materialColor": "r:0.4 g:1.0 b:0.76470588235294 a:1.0",
            "materialOffset": "x:1 y:1 z:1.0",
            "materialTexture": "part_suliao.tga",
            "name": "Part",
            "needSync": "true",
            "partNavMeshType": "1",
            "position": "x:50.357421875 y:34.019912719727 z:-12.374757766724",
            "restitution": "0.3",
            "rotation": "x:0 y:0 z:0",
            "scale": "x:5 y:0.2 z:5",
            "selectable": "true",
            "shape": "3",
            "staticBatchNo": "",
            "staticObject": "false",
            "useAnchor": "true",
            "useCollide": "true",
            "useGravity": "true",
            "useTextureAlpha": "false"
          }
        }
      ],
      "class": "Model",
      "customProperties": [],
      "properties": {
        "batchType": "Static",
        "id": "8673300447614763009",
        "name": "Jump pad",
        "needSync": "true",
        "position": "x:50.287990570068 y:27.009955406189 z:-16.676956176758",
        "rotation": "x:0 y:0 z:0",
        "selectable": "true"
      }
    },
    {
      "children": [
        {
          "children": [
            {
              "class": "Decal",
              "customProperties": [],
              "properties": {
                "decalAlpha": "1",
                "decalColor": "r:1.0 g:1.0 b:1.0 a:1.0",
                "decalImageType": "0",
                "decalOffset": "x:0 y:0 z:1.0",
                "decalSurface": "4",
                "decalTexture": "asset/Texture/Item/qianjin.png",
                "decalTiling": "x:0 y:0 z:1.0",
                "id": "8673168363574657025",
                "name": "Decal"
              }
            }
          ],
          "class": "Part",
          "customProperties": [],
          "properties": {
            "angleVelocity": "x:0 y:0 z:0",
            "batchType": "Static",
            "bloom": "false",
            "booleanOperation": "0",
            "btsKey": "5c9da902-d9d4-4feb-9588-05c52d65868d",
            "cameraCollideEnable": "true",
            "collisionFidelity": "0",
            "collisionUniqueKey": "",
            "customThreshold": "1",
            "density": "2.2",
            "discardAlpha": "1",
            "friction": "0.37",
            "id": "8673167586277277697",
            "isLockedInEditor": "false",
            "isVisibleInEditor": "true",
            "lineVelocity": "x:0 y:0 z:5",
            "mass": "8.7999973773956",
            "materialAlpha": "1.0",
            "materialColor": "r:1.0 g:1.0 b:1.0 a:1.0",
            "materialOffset": "x:1 y:1 z:1.0",
            "materialTexture": "part_suliao.tga",
            "name": "Part",
            "needSync": "true",
            "partNavMeshType": "1",
            "position": "x:53 y:20 z:-30",
            "restitution": "0.3",
            "rotation": "x:0 y:90 z:0",
            "scale": "x:10 y:0.2 z:2",
            "selectable": "true",
            "shape": "1",
            "staticBatchNo": "",
            "staticObject": "false",
            "useAnchor": "true",
            "useCollide": "true",
            "useGravity": "true",
            "useTextureAlpha": "false"
          }
        },
        {
          "children": [
            {
              "class": "Decal",
              "customProperties": [],
              "properties": {
                "decalAlpha": "1",
                "decalColor": "r:1.0 g:1.0 b:1.0 a:1.0",
                "decalImageType": "0",
                "decalOffset": "x:0 y:0 z:1.0",
                "decalSurface": "4",
                "decalTexture": "asset/Texture/Item/qianjin.png",
                "decalTiling": "x:0 y:0 z:1.0",
                "id": "8673172468244561921",
                "name": "Decal"
              }
            }
          ],
          "class": "Part",
          "customProperties": [],
          "properties": {
            "angleVelocity": "x:0 y:0 z:0",
            "batchType": "Static",
            "bloom": "false",
            "booleanOperation": "0",
            "btsKey": "5b6f87ac-222b-4fab-8bbe-6743fb47048e",
            "cameraCollideEnable": "true",
            "collisionFidelity": "0",
            "collisionUniqueKey": "",
            "customThreshold": "1",
            "density": "2.2",
            "discardAlpha": "1",
            "friction": "0.37",
            "id": "8673172468244103169",
            "isLockedInEditor": "false",
            "isVisibleInEditor": "true",
            "lineVelocity": "x:0 y:0 z:-5",
            "mass": "8.7999973773956",
            "materialAlpha": "1.0",
            "materialColor": "r:1.0 g:1.0 b:1.0 a:1.0",
            "materialOffset": "x:1 y:1 z:1.0",
            "materialTexture": "part_suliao.tga",
            "name": "Part",
            "needSync": "true",
            "partNavMeshType": "1",
            "position": "x:50 y:20 z:-30",
            "restitution": "0.3",
            "rotation": "x:0 y:270 z:0",
            "scale": "x:10 y:0.2 z:2",
            "selectable": "true",
            "shape": "1",
            "staticBatchNo": "",
            "staticObject": "false",
            "useAnchor": "true",
            "useCollide": "true",
            "useGravity": "true",
            "useTextureAlpha": "false"
          }
        },
        {
          "children": [
            {
              "class": "Decal",
              "customProperties": [],
              "properties": {
                "decalAlpha": "1",
                "decalColor": "r:1.0 g:1.0 b:1.0 a:1.0",
                "decalImageType": "0",
                "decalOffset": "x:0 y:0 z:1.0",
                "decalSurface": "4",
                "decalTexture": "asset/Texture/Item/qianjin.png",
                "decalTiling": "x:0 y:0 z:1.0",
                "id": "8673172802023145473",
                "name": "Decal"
              }
            }
          ],
          "class": "Part",
          "customProperties": [],
          "properties": {
            "angleVelocity": "x:0 y:0 z:0",
            "batchType": "Static",
            "bloom": "false",
            "booleanOperation": "0",
            "btsKey": "26916148-08fd-45ea-8477-e7fa11d6cfdd",
            "cameraCollideEnable": "true",
            "collisionFidelity": "0",
            "collisionUniqueKey": "",
            "customThreshold": "1",
            "density": "2.2",
            "discardAlpha": "1",
            "friction": "0.37",
            "id": "8673172802022473729",
            "isLockedInEditor": "false",
            "isVisibleInEditor": "true",
            "lineVelocity": "x:0 y:0 z:5",
            "mass": "8.7999973773956",
            "materialAlpha": "1.0",
            "materialColor": "r:1.0 g:1.0 b:1.0 a:1.0",
            "materialOffset": "x:1 y:1 z:1.0",
            "materialTexture": "part_suliao.tga",
            "name": "Part",
            "needSync": "true",
            "partNavMeshType": "1",
            "position": "x:47 y:20 z:-30",
            "restitution": "0.3",
            "rotation": "x:0 y:90 z:0",
            "scale": "x:10 y:0.2 z:2",
            "selectable": "true",
            "shape": "1",
            "staticBatchNo": "",
            "staticObject": "false",
            "useAnchor": "true",
            "useCollide": "true",
            "useGravity": "true",
            "useTextureAlpha": "false"
          }
        }
      ],
      "class": "Model",
      "customProperties": [],
      "properties": {
        "batchType": "Static",
        "id": "8673300857167822849",
        "name": "Boost plate",
        "needSync": "true",
        "position": "x:50 y:20 z:-30",
        "rotation": "x:0 y:0 z:0",
        "selectable": "true"
      }
    },
    {
      "children": [
        {
          "children": [
            {
              "class": "Decal",
              "customProperties": [],
              "properties": {
                "decalAlpha": "1",
                "decalColor": "r:1.0 g:1.0 b:1.0 a:1.0",
                "decalImageType": "0",
                "decalOffset": "x:0 y:0 z:1.0",
                "decalSurface": "0",
                "decalTexture": "",
                "decalTiling": "x:0 y:0 z:1.0",
                "id": "8673391368503984129",
                "name": "Decal"
              }
            }
          ],
          "class": "Part",
          "customProperties": [],
          "properties": {
            "angleVelocity": "x:0 y:0 z:0",
            "batchType": "Static",
            "bloom": "false",
            "booleanOperation": "0",
            "btsKey": "c932296d-9918-46f8-bc0b-56b3613e0097",
            "cameraCollideEnable": "true",
            "collisionFidelity": "0",
            "collisionUniqueKey": "",
            "customThreshold": "1",
            "density": "2.2",
            "discardAlpha": "1",
            "friction": "0.37",
            "id": "8673391368503312385",
            "isLockedInEditor": "false",
            "isVisibleInEditor": "true",
            "lineVelocity": "x:0 y:0 z:0",
            "mass": "1.7599995017052",
            "materialAlpha": "1.0",
            "materialColor": "r:1.0 g:0.84705882352941 b:0.45882352941176 a:1.0",
            "materialOffset": "x:1 y:1 z:1.0",
            "materialTexture": "part_suliao.tga",
            "name": "Broken plate",
            "needSync": "true",
            "partNavMeshType": "1",
            "position": "x:55.047885894775 y:41.79443359375 z:16.161497116089",
            "restitution": "0.3",
            "rotation": "x:0 y:0 z:0",
            "scale": "x:2 y:0.2 z:2",
            "selectable": "true",
            "shape": "1",
            "staticBatchNo": "",
            "staticObject": "false",
            "useAnchor": "true",
            "useCollide": "true",
            "useGravity": "true",
            "useTextureAlpha": "false"
          }
        },
        {
          "children": [
            {
              "class": "Decal",
              "customProperties": [],
              "properties": {
                "decalAlpha": "1",
                "decalColor": "r:1.0 g:1.0 b:1.0 a:1.0",
                "decalImageType": "0",
                "decalOffset": "x:0 y:0 z:1.0",
                "decalSurface": "0",
                "decalTexture": "",
                "decalTiling": "x:0 y:0 z:1.0",
                "id": "8673307788625952769",
                "name": "Decal"
              }
            }
          ],
          "class": "Part",
          "customProperties": [],
          "properties": {
            "angleVelocity": "x:0 y:0 z:0",
            "batchType": "Static",
            "bloom": "false",
            "booleanOperation": "0",
            "btsKey": "7e6ed04a-e5f7-4e1b-8372-3544fe855382",
            "cameraCollideEnable": "true",
            "collisionFidelity": "0",
            "collisionUniqueKey": "",
            "customThreshold": "1",
            "density": "2.2",
            "discardAlpha": "1",
            "friction": "0.37",
            "id": "8673307788625149953",
            "isLockedInEditor": "false",
            "isVisibleInEditor": "true",
            "lineVelocity": "x:0 y:0 z:0",
            "mass": "1.7599995017052",
            "materialAlpha": "1.0",
            "materialColor": "r:1.0 g:0.84705882352941 b:0.45882352941176 a:1.0",
            "materialOffset": "x:1 y:1 z:1.0",
            "materialTexture": "part_suliao.tga",
            "name": "Broken plate",
            "needSync": "true",
            "partNavMeshType": "1",
            "position": "x:43.522994995117 y:40 z:10",
            "restitution": "0.3",
            "rotation": "x:0 y:0 z:0",
            "scale": "x:2 y:0.2 z:2",
            "selectable": "true",
            "shape": "1",
            "staticBatchNo": "",
            "staticObject": "false",
            "useAnchor": "true",
            "useCollide": "true",
            "useGravity": "true",
            "useTextureAlpha": "false"
          }
        },
        {
          "children": [
            {
              "class": "Decal",
              "customProperties": [],
              "properties": {
                "decalAlpha": "1",
                "decalColor": "r:1.0 g:1.0 b:1.0 a:1.0",
                "decalImageType": "0",
                "decalOffset": "x:0 y:0 z:1.0",
                "decalSurface": "0",
                "decalTexture": "",
                "decalTiling": "x:0 y:0 z:1.0",
                "id": "8673390649381568513",
                "name": "Decal"
              }
            }
          ],
          "class": "Part",
          "customProperties": [],
          "properties": {
            "angleVelocity": "x:0 y:0 z:0",
            "batchType": "Static",
            "bloom": "false",
            "booleanOperation": "0",
            "btsKey": "0ba1d9b0-a443-41d3-8d6a-238f86777915",
            "cameraCollideEnable": "true",
            "collisionFidelity": "0",
            "collisionUniqueKey": "",
            "customThreshold": "1",
            "density": "2.2",
            "discardAlpha": "1",
            "friction": "0.37",
            "id": "8673390649378209793",
            "isLockedInEditor": "false",
            "isVisibleInEditor": "true",
            "lineVelocity": "x:0 y:0 z:0",
            "mass": "1.7599995017052",
            "materialAlpha": "1.0",
            "materialColor": "r:1.0 g:0.84705882352941 b:0.45882352941176 a:1.0",
            "materialOffset": "x:1 y:1 z:1.0",
            "materialTexture": "part_suliao.tga",
            "name": "Broken plate",
            "needSync": "true",
            "partNavMeshType": "1",
            "position": "x:47.432250976562 y:41.08500289917 z:10.181840896606",
            "restitution": "0.3",
            "rotation": "x:0 y:0 z:0",
            "scale": "x:2 y:0.2 z:2",
            "selectable": "true",
            "shape": "1",
            "staticBatchNo": "",
            "staticObject": "false",
            "useAnchor": "true",
            "useCollide": "true",
            "useGravity": "true",
            "useTextureAlpha": "false"
          }
        },
        {
          "children": [
            {
              "class": "Decal",
              "customProperties": [],
              "properties": {
                "decalAlpha": "1",
                "decalColor": "r:1.0 g:1.0 b:1.0 a:1.0",
                "decalImageType": "0",
                "decalOffset": "x:0 y:0 z:1.0",
                "decalSurface": "0",
                "decalTexture": "",
                "decalTiling": "x:0 y:0 z:1.0",
                "id": "8673390821998772225",
                "name": "Decal"
              }
            }
          ],
          "class": "Part",
          "customProperties": [],
          "properties": {
            "angleVelocity": "x:0 y:0 z:0",
            "batchType": "Static",
            "bloom": "false",
            "booleanOperation": "0",
            "btsKey": "0573af6e-5148-4bfb-b884-661cfa25f452",
            "cameraCollideEnable": "true",
            "collisionFidelity": "0",
            "collisionUniqueKey": "",
            "customThreshold": "1",
            "density": "2.2",
            "discardAlpha": "1",
            "friction": "0.37",
            "id": "8673390821998116865",
            "isLockedInEditor": "false",
            "isVisibleInEditor": "true",
            "lineVelocity": "x:0 y:0 z:0",
            "mass": "1.7599995017052",
            "materialAlpha": "1.0",
            "materialColor": "r:1.0 g:0.84705882352941 b:0.45882352941176 a:1.0",
            "materialOffset": "x:1 y:1 z:1.0",
            "materialTexture": "part_suliao.tga",
            "name": "Broken plate",
            "needSync": "true",
            "partNavMeshType": "1",
            "position": "x:48.347599029541 y:41.841121673584 z:18.601425170898",
            "restitution": "0.3",
            "rotation": "x:0 y:0 z:0",
            "scale": "x:2 y:0.2 z:2",
            "selectable": "true",
            "shape": "1",
            "staticBatchNo": "",
            "staticObject": "false",
            "useAnchor": "true",
            "useCollide": "true",
            "useGravity": "true",
            "useTextureAlpha": "false"
          }
        },
        {
          "children": [
            {
              "class": "Decal",
              "customProperties": [],
              "properties": {
                "decalAlpha": "1",
                "decalColor": "r:1.0 g:1.0 b:1.0 a:1.0",
                "decalImageType": "0",
                "decalOffset": "x:0 y:0 z:1.0",
                "decalSurface": "0",
                "decalTexture": "",
                "decalTiling": "x:0 y:0 z:1.0",
                "id": "8673390832964435969",
                "name": "Decal"
              }
            }
          ],
          "class": "Part",
          "customProperties": [],
          "properties": {
            "angleVelocity": "x:0 y:0 z:0",
            "batchType": "Static",
            "bloom": "false",
            "booleanOperation": "0",
            "btsKey": "dcfc7495-3808-4cf5-b4c3-20e4fd2fb525",
            "cameraCollideEnable": "true",
            "collisionFidelity": "0",
            "collisionUniqueKey": "",
            "customThreshold": "1",
            "density": "2.2",
            "discardAlpha": "1",
            "friction": "0.37",
            "id": "8673390832963796993",
            "isLockedInEditor": "false",
            "isVisibleInEditor": "true",
            "lineVelocity": "x:0 y:0 z:0",
            "mass": "1.7599995017052",
            "materialAlpha": "1.0",
            "materialColor": "r:1.0 g:0.84705882352941 b:0.45882352941176 a:1.0",
            "materialOffset": "x:1 y:1 z:1.0",
            "materialTexture": "part_suliao.tga",
            "name": "Broken plate",
            "needSync": "true",
            "partNavMeshType": "1",
            "position": "x:52.952556610107 y:41.951107025146 z:22.647981643677",
            "restitution": "0.3",
            "rotation": "x:0 y:0 z:0",
            "scale": "x:2 y:0.2 z:2",
            "selectable": "true",
            "shape": "1",
            "staticBatchNo": "",
            "staticObject": "false",
            "useAnchor": "true",
            "useCollide": "true",
            "useGravity": "true",
            "useTextureAlpha": "false"
          }
        },
        {
          "children": [
            {
              "class": "Decal",
              "customProperties": [],
              "properties": {
                "decalAlpha": "1",
                "decalColor": "r:1.0 g:1.0 b:1.0 a:1.0",
                "decalImageType": "0",
                "decalOffset": "x:0 y:0 z:1.0",
                "decalSurface": "0",
                "decalTexture": "",
                "decalTiling": "x:0 y:0 z:1.0",
                "id": "8673390847803637761",
                "name": "Decal"
              }
            }
          ],
          "class": "Part",
          "customProperties": [],
          "properties": {
            "angleVelocity": "x:0 y:0 z:0",
            "batchType": "Static",
            "bloom": "false",
            "booleanOperation": "0",
            "btsKey": "933e6a25-a55e-48af-9c73-0643f62eaba5",
            "cameraCollideEnable": "true",
            "collisionFidelity": "0",
            "collisionUniqueKey": "",
            "customThreshold": "1",
            "density": "2.2",
            "discardAlpha": "1",
            "friction": "0.37",
            "id": "8673390847803195393",
            "isLockedInEditor": "false",
            "isVisibleInEditor": "true",
            "lineVelocity": "x:0 y:0 z:0",
            "mass": "1.7599995017052",
            "materialAlpha": "1.0",
            "materialColor": "r:1.0 g:0.84705882352941 b:0.45882352941176 a:1.0",
            "materialOffset": "x:1 y:1 z:1.0",
            "materialTexture": "part_suliao.tga",
            "name": "Broken plate",
            "needSync": "true",
            "partNavMeshType": "1",
            "position": "x:48.620391845703 y:41.449871063232 z:22.143836975098",
            "restitution": "0.3",
            "rotation": "x:0 y:0 z:0",
            "scale": "x:2 y:0.2 z:2",
            "selectable": "true",
            "shape": "1",
            "staticBatchNo": "",
            "staticObject": "false",
            "useAnchor": "true",
            "useCollide": "true",
            "useGravity": "true",
            "useTextureAlpha": "false"
          }
        },
        {
          "children": [
            {
              "class": "Decal",
              "customProperties": [],
              "properties": {
                "decalAlpha": "1",
                "decalColor": "r:1.0 g:1.0 b:1.0 a:1.0",
                "decalImageType": "0",
                "decalOffset": "x:0 y:0 z:1.0",
                "decalSurface": "0",
                "decalTexture": "",
                "decalTiling": "x:0 y:0 z:1.0",
                "id": "8673390860724600833",
                "name": "Decal"
              }
            }
          ],
          "class": "Part",
          "customProperties": [],
          "properties": {
            "angleVelocity": "x:0 y:0 z:0",
            "batchType": "Static",
            "bloom": "false",
            "booleanOperation": "0",
            "btsKey": "3b27e099-a9ea-475a-be4e-2af9a962314c",
            "cameraCollideEnable": "true",
            "collisionFidelity": "0",
            "collisionUniqueKey": "",
            "customThreshold": "1",
            "density": "2.2",
            "discardAlpha": "1",
            "friction": "0.37",
            "id": "8673390860724125697",
            "isLockedInEditor": "false",
            "isVisibleInEditor": "true",
            "lineVelocity": "x:0 y:0 z:0",
            "mass": "1.7599995017052",
            "materialAlpha": "1.0",
            "materialColor": "r:1.0 g:0.84705882352941 b:0.45882352941176 a:1.0",
            "materialOffset": "x:1 y:1 z:1.0",
            "materialTexture": "part_suliao.tga",
            "name": "Broken plate",
            "needSync": "true",
            "partNavMeshType": "1",
            "position": "x:46.008365631104 y:41.396060943604 z:13.669034957886",
            "restitution": "0.3",
            "rotation": "x:0 y:0 z:0",
            "scale": "x:2 y:0.2 z:2",
            "selectable": "true",
            "shape": "1",
            "staticBatchNo": "",
            "staticObject": "false",
            "useAnchor": "true",
            "useCollide": "true",
            "useGravity": "true",
            "useTextureAlpha": "false"
          }
        },
        {
          "children": [
            {
              "class": "Decal",
              "customProperties": [],
              "properties": {
                "decalAlpha": "1",
                "decalColor": "r:1.0 g:1.0 b:1.0 a:1.0",
                "decalImageType": "0",
                "decalOffset": "x:0 y:0 z:1.0",
                "decalSurface": "0",
                "decalTexture": "",
                "decalTiling": "x:0 y:0 z:1.0",
                "id": "8673390891174019073",
                "name": "Decal"
              }
            }
          ],
          "class": "Part",
          "customProperties": [],
          "properties": {
            "angleVelocity": "x:0 y:0 z:0",
            "batchType": "Static",
            "bloom": "false",
            "booleanOperation": "0",
            "btsKey": "790f4c67-e8f4-41e0-bb23-1968fac15c5f",
            "cameraCollideEnable": "true",
            "collisionFidelity": "0",
            "collisionUniqueKey": "",
            "customThreshold": "1",
            "density": "2.2",
            "discardAlpha": "1",
            "friction": "0.37",
            "id": "8673390891173560321",
            "isLockedInEditor": "false",
            "isVisibleInEditor": "true",
            "lineVelocity": "x:0 y:0 z:0",
            "mass": "1.7599995017052",
            "materialAlpha": "1.0",
            "materialColor": "r:1.0 g:0.84705882352941 b:0.45882352941176 a:1.0",
            "materialOffset": "x:1 y:1 z:1.0",
            "materialTexture": "part_suliao.tga",
            "name": "Broken plate",
            "needSync": "true",
            "partNavMeshType": "1",
            "position": "x:44.449153900146 y:41.32495880127 z:20.482629776001",
            "restitution": "0.3",
            "rotation": "x:0 y:0 z:0",
            "scale": "x:2 y:0.2 z:2",
            "selectable": "true",
            "shape": "1",
            "staticBatchNo": "",
            "staticObject": "false",
            "useAnchor": "true",
            "useCollide": "true",
            "useGravity": "true",
            "useTextureAlpha": "false"
          }
        },
        {
          "children": [
            {
              "class": "Decal",
              "customProperties": [],
              "properties": {
                "decalAlpha": "1",
                "decalColor": "r:1.0 g:1.0 b:1.0 a:1.0",
                "decalImageType": "0",
                "decalOffset": "x:0 y:0 z:1.0",
                "decalSurface": "0",
                "decalTexture": "",
                "decalTiling": "x:0 y:0 z:1.0",
                "id": "8673390905393496065",
                "name": "Decal"
              }
            }
          ],
          "class": "Part",
          "customProperties": [],
          "properties": {
            "angleVelocity": "x:0 y:0 z:0",
            "batchType": "Static",
            "bloom": "false",
            "booleanOperation": "0",
            "btsKey": "598d26db-0842-47c1-be80-b7ba27906c9d",
            "cameraCollideEnable": "true",
            "collisionFidelity": "0",
            "collisionUniqueKey": "",
            "customThreshold": "1",
            "density": "2.2",
            "discardAlpha": "1",
            "friction": "0.37",
            "id": "8673390905392824321",
            "isLockedInEditor": "false",
            "isVisibleInEditor": "true",
            "lineVelocity": "x:0 y:0 z:0",
            "mass": "1.7599995017052",
            "materialAlpha": "1.0",
            "materialColor": "r:1.0 g:0.84705882352941 b:0.45882352941176 a:1.0",
            "materialOffset": "x:1 y:1 z:1.0",
            "materialTexture": "part_suliao.tga",
            "name": "Broken plate",
            "needSync": "true",
            "partNavMeshType": "1",
            "position": "x:41.103157043457 y:40.994525909424 z:19.9743309021",
            "restitution": "0.3",
            "rotation": "x:0 y:0 z:0",
            "scale": "x:2 y:0.2 z:2",
            "selectable": "true",
            "shape": "1",
            "staticBatchNo": "",
            "staticObject": "false",
            "useAnchor": "true",
            "useCollide": "true",
            "useGravity": "true",
            "useTextureAlpha": "false"
          }
        },
        {
          "children": [
            {
              "class": "Decal",
              "customProperties": [],
              "properties": {
                "decalAlpha": "1",
                "decalColor": "r:1.0 g:1.0 b:1.0 a:1.0",
                "decalImageType": "0",
                "decalOffset": "x:0 y:0 z:1.0",
                "decalSurface": "0",
                "decalTexture": "",
                "decalTiling": "x:0 y:0 z:1.0",
                "id": "8673390913013841921",
                "name": "Decal"
              }
            }
          ],
          "class": "Part",
          "customProperties": [],
          "properties": {
            "angleVelocity": "x:0 y:0 z:0",
            "batchType": "Static",
            "bloom": "false",
            "booleanOperation": "0",
            "btsKey": "7b6d8763-96d4-4322-bce5-bfc547244d4a",
            "cameraCollideEnable": "true",
            "collisionFidelity": "0",
            "collisionUniqueKey": "",
            "customThreshold": "1",
            "density": "2.2",
            "discardAlpha": "1",
            "friction": "0.37",
            "id": "8673390913013415937",
            "isLockedInEditor": "false",
            "isVisibleInEditor": "true",
            "lineVelocity": "x:0 y:0 z:0",
            "mass": "1.7599995017052",
            "materialAlpha": "1.0",
            "materialColor": "r:1.0 g:0.84705882352941 b:0.45882352941176 a:1.0",
            "materialOffset": "x:1 y:1 z:1.0",
            "materialTexture": "part_suliao.tga",
            "name": "Broken plate",
            "needSync": "true",
            "partNavMeshType": "1",
            "position": "x:41.046836853027 y:41.660045623779 z:16.021532058716",
            "restitution": "0.3",
            "rotation": "x:0 y:0 z:0",
            "scale": "x:2 y:0.2 z:2",
            "selectable": "true",
            "shape": "1",
            "staticBatchNo": "",
            "staticObject": "false",
            "useAnchor": "true",
            "useCollide": "true",
            "useGravity": "true",
            "useTextureAlpha": "false"
          }
        },
        {
          "children": [
            {
              "class": "Decal",
              "customProperties": [],
              "properties": {
                "decalAlpha": "1",
                "decalColor": "r:1.0 g:1.0 b:1.0 a:1.0",
                "decalImageType": "0",
                "decalOffset": "x:0 y:0 z:1.0",
                "decalSurface": "0",
                "decalTexture": "",
                "decalTiling": "x:0 y:0 z:1.0",
                "id": "8673390921547350017",
                "name": "Decal"
              }
            }
          ],
          "class": "Part",
          "customProperties": [],
          "properties": {
            "angleVelocity": "x:0 y:0 z:0",
            "batchType": "Static",
            "bloom": "false",
            "booleanOperation": "0",
            "btsKey": "eccf6d10-7764-42aa-b2c2-024f783372a9",
            "cameraCollideEnable": "true",
            "collisionFidelity": "0",
            "collisionUniqueKey": "",
            "customThreshold": "1",
            "density": "2.2",
            "discardAlpha": "1",
            "friction": "0.37",
            "id": "8673390921546891265",
            "isLockedInEditor": "false",
            "isVisibleInEditor": "true",
            "lineVelocity": "x:0 y:0 z:0",
            "mass": "1.7599995017052",
            "materialAlpha": "1.0",
            "materialColor": "r:1.0 g:0.84705882352941 b:0.45882352941176 a:1.0",
            "materialOffset": "x:1 y:1 z:1.0",
            "materialTexture": "part_suliao.tga",
            "name": "Broken plate",
            "needSync": "true",
            "partNavMeshType": "1",
            "position": "x:45.419303894043 y:41.649909973145 z:23.210250854492",
            "restitution": "0.3",
            "rotation": "x:0 y:0 z:0",
            "scale": "x:2 y:0.2 z:2",
            "selectable": "true",
            "shape": "1",
            "staticBatchNo": "",
            "staticObject": "false",
            "useAnchor": "true",
            "useCollide": "true",
            "useGravity": "true",
            "useTextureAlpha": "false"
          }
        },
        {
          "children": [
            {
              "class": "Decal",
              "customProperties": [],
              "properties": {
                "decalAlpha": "1",
                "decalColor": "r:1.0 g:1.0 b:1.0 a:1.0",
                "decalImageType": "0",
                "decalOffset": "x:0 y:0 z:1.0",
                "decalSurface": "0",
                "decalTexture": "",
                "decalTiling": "x:0 y:0 z:1.0",
                "id": "8673390927101444097",
                "name": "Decal"
              }
            }
          ],
          "class": "Part",
          "customProperties": [],
          "properties": {
            "angleVelocity": "x:0 y:0 z:0",
            "batchType": "Static",
            "bloom": "false",
            "booleanOperation": "0",
            "btsKey": "18526da7-a61a-44ff-9648-62616e77f879",
            "cameraCollideEnable": "true",
            "collisionFidelity": "0",
            "collisionUniqueKey": "",
            "customThreshold": "1",
            "density": "2.2",
            "discardAlpha": "1",
            "friction": "0.37",
            "id": "8673390927100985345",
            "isLockedInEditor": "false",
            "isVisibleInEditor": "true",
            "lineVelocity": "x:0 y:0 z:0",
            "mass": "1.7599995017052",
            "materialAlpha": "1.0",
            "materialColor": "r:1.0 g:0.84705882352941 b:0.45882352941176 a:1.0",
            "materialOffset": "x:1 y:1 z:1.0",
            "materialTexture": "part_suliao.tga",
            "name": "Broken plate",
            "needSync": "true",
            "partNavMeshType": "1",
            "position": "x:44.452308654785 y:41.201923370361 z:17.017492294312",
            "restitution": "0.3",
            "rotation": "x:0 y:0 z:0",
            "scale": "x:2 y:0.2 z:2",
            "selectable": "true",
            "shape": "1",
            "staticBatchNo": "",
            "staticObject": "false",
            "useAnchor": "true",
            "useCollide": "true",
            "useGravity": "true",
            "useTextureAlpha": "false"
          }
        },
        {
          "children": [
            {
              "class": "Decal",
              "customProperties": [],
              "properties": {
                "decalAlpha": "1",
                "decalColor": "r:1.0 g:1.0 b:1.0 a:1.0",
                "decalImageType": "0",
                "decalOffset": "x:0 y:0 z:1.0",
                "decalSurface": "0",
                "decalTexture": "",
                "decalTiling": "x:0 y:0 z:1.0",
                "id": "8673391068160131073",
                "name": "Decal"
              }
            }
          ],
          "class": "Part",
          "customProperties": [],
          "properties": {
            "angleVelocity": "x:0 y:0 z:0",
            "batchType": "Static",
            "bloom": "false",
            "booleanOperation": "0",
            "btsKey": "350915d2-5ebb-4050-afcf-614b5412ec0b",
            "cameraCollideEnable": "true",
            "collisionFidelity": "0",
            "collisionUniqueKey": "",
            "customThreshold": "1",
            "density": "2.2",
            "discardAlpha": "1",
            "friction": "0.37",
            "id": "8673391068159623169",
            "isLockedInEditor": "false",
            "isVisibleInEditor": "true",
            "lineVelocity": "x:0 y:0 z:0",
            "mass": "1.7599995017052",
            "materialAlpha": "1.0",
            "materialColor": "r:1.0 g:0.84705882352941 b:0.45882352941176 a:1.0",
            "materialOffset": "x:1 y:1 z:1.0",
            "materialTexture": "part_suliao.tga",
            "name": "Broken plate",
            "needSync": "true",
            "partNavMeshType": "1",
            "position": "x:52.034690856934 y:40.199996948242 z:9.2590808868408",
            "restitution": "0.3",
            "rotation": "x:0 y:0 z:0",
            "scale": "x:2 y:0.2 z:2",
            "selectable": "true",
            "shape": "1",
            "staticBatchNo": "",
            "staticObject": "false",
            "useAnchor": "true",
            "useCollide": "true",
            "useGravity": "true",
            "useTextureAlpha": "false"
          }
        },
        {
          "children": [
            {
              "class": "Decal",
              "customProperties": [],
              "properties": {
                "decalAlpha": "1",
                "decalColor": "r:1.0 g:1.0 b:1.0 a:1.0",
                "decalImageType": "0",
                "decalOffset": "x:0 y:0 z:1.0",
                "decalSurface": "0",
                "decalTexture": "",
                "decalTiling": "x:0 y:0 z:1.0",
                "id": "8673391112909406209",
                "name": "Decal"
              }
            }
          ],
          "class": "Part",
          "customProperties": [],
          "properties": {
            "angleVelocity": "x:0 y:0 z:0",
            "batchType": "Static",
            "bloom": "false",
            "booleanOperation": "0",
            "btsKey": "d389ec59-ea63-4675-b8c0-b4b16cb4424c",
            "cameraCollideEnable": "true",
            "collisionFidelity": "0",
            "collisionUniqueKey": "",
            "customThreshold": "1",
            "density": "2.2",
            "discardAlpha": "1",
            "friction": "0.37",
            "id": "8673391112906850305",
            "isLockedInEditor": "false",
            "isVisibleInEditor": "true",
            "lineVelocity": "x:0 y:0 z:0",
            "mass": "1.7599995017052",
            "materialAlpha": "1.0",
            "materialColor": "r:1.0 g:0.84705882352941 b:0.45882352941176 a:1.0",
            "materialOffset": "x:1 y:1 z:1.0",
            "materialTexture": "part_suliao.tga",
            "name": "Broken plate",
            "needSync": "true",
            "partNavMeshType": "1",
            "position": "x:55.597820281982 y:40.399993896484 z:9.4139976501465",
            "restitution": "0.3",
            "rotation": "x:0 y:0 z:0",
            "scale": "x:2 y:0.2 z:2",
            "selectable": "true",
            "shape": "1",
            "staticBatchNo": "",
            "staticObject": "false",
            "useAnchor": "true",
            "useCollide": "true",
            "useGravity": "true",
            "useTextureAlpha": "false"
          }
        },
        {
          "children": [
            {
              "class": "Decal",
              "customProperties": [],
              "properties": {
                "decalAlpha": "1",
                "decalColor": "r:1.0 g:1.0 b:1.0 a:1.0",
                "decalImageType": "0",
                "decalOffset": "x:0 y:0 z:1.0",
                "decalSurface": "0",
                "decalTexture": "",
                "decalTiling": "x:0 y:0 z:1.0",
                "id": "8673391145603252225",
                "name": "Decal"
              }
            }
          ],
          "class": "Part",
          "customProperties": [],
          "properties": {
            "angleVelocity": "x:0 y:0 z:0",
            "batchType": "Static",
            "bloom": "false",
            "booleanOperation": "0",
            "btsKey": "1e2ffab0-e786-4fbf-b147-d71e41246508",
            "cameraCollideEnable": "true",
            "collisionFidelity": "0",
            "collisionUniqueKey": "",
            "customThreshold": "1",
            "density": "2.2",
            "discardAlpha": "1",
            "friction": "0.37",
            "id": "8673391145602793473",
            "isLockedInEditor": "false",
            "isVisibleInEditor": "true",
            "lineVelocity": "x:0 y:0 z:0",
            "mass": "1.7599995017052",
            "materialAlpha": "1.0",
            "materialColor": "r:1.0 g:0.84705882352941 b:0.45882352941176 a:1.0",
            "materialOffset": "x:1 y:1 z:1.0",
            "materialTexture": "part_suliao.tga",
            "name": "Broken plate",
            "needSync": "true",
            "partNavMeshType": "1",
            "position": "x:42.25931930542 y:40.757022857666 z:12.91814994812",
            "restitution": "0.3",
            "rotation": "x:0 y:0 z:0",
            "scale": "x:2 y:0.2 z:2",
            "selectable": "true",
            "shape": "1",
            "staticBatchNo": "",
            "staticObject": "false",
            "useAnchor": "true",
            "useCollide": "true",
            "useGravity": "true",
            "useTextureAlpha": "false"
          }
        },
        {
          "children": [
            {
              "class": "Decal",
              "customProperties": [],
              "properties": {
                "decalAlpha": "1",
                "decalColor": "r:1.0 g:1.0 b:1.0 a:1.0",
                "decalImageType": "0",
                "decalOffset": "x:0 y:0 z:1.0",
                "decalSurface": "0",
                "decalTexture": "",
                "decalTiling": "x:0 y:0 z:1.0",
                "id": "8673391202625470465",
                "name": "Decal"
              }
            }
          ],
          "class": "Part",
          "customProperties": [],
          "properties": {
            "angleVelocity": "x:0 y:0 z:0",
            "batchType": "Static",
            "bloom": "false",
            "booleanOperation": "0",
            "btsKey": "538f4e0e-e95f-4cce-9c07-13e73b4c7f0e",
            "cameraCollideEnable": "true",
            "collisionFidelity": "0",
            "collisionUniqueKey": "",
            "customThreshold": "1",
            "density": "2.2",
            "discardAlpha": "1",
            "friction": "0.37",
            "id": "8673391202625011713",
            "isLockedInEditor": "false",
            "isVisibleInEditor": "true",
            "lineVelocity": "x:0 y:0 z:0",
            "mass": "1.7599995017052",
            "materialAlpha": "1.0",
            "materialColor": "r:1.0 g:0.84705882352941 b:0.45882352941176 a:1.0",
            "materialOffset": "x:1 y:1 z:1.0",
            "materialTexture": "part_suliao.tga",
            "name": "Broken plate",
            "needSync": "true",
            "partNavMeshType": "1",
            "position": "x:50.646949768066 y:41.139381408691 z:12.597684860229",
            "restitution": "0.3",
            "rotation": "x:0 y:0 z:0",
            "scale": "x:2 y:0.2 z:2",
            "selectable": "true",
            "shape": "1",
            "staticBatchNo": "",
            "staticObject": "false",
            "useAnchor": "true",
            "useCollide": "true",
            "useGravity": "true",
            "useTextureAlpha": "false"
          }
        },
        {
          "children": [
            {
              "class": "Decal",
              "customProperties": [],
              "properties": {
                "decalAlpha": "1",
                "decalColor": "r:1.0 g:1.0 b:1.0 a:1.0",
                "decalImageType": "0",
                "decalOffset": "x:0 y:0 z:1.0",
                "decalSurface": "0",
                "decalTexture": "",
                "decalTiling": "x:0 y:0 z:1.0",
                "id": "8673391220904394753",
                "name": "Decal"
              }
            }
          ],
          "class": "Part",
          "customProperties": [],
          "properties": {
            "angleVelocity": "x:0 y:0 z:0",
            "batchType": "Static",
            "bloom": "false",
            "booleanOperation": "0",
            "btsKey": "39f28387-6e67-41e0-b720-0c91cd70785e",
            "cameraCollideEnable": "true",
            "collisionFidelity": "0",
            "collisionUniqueKey": "",
            "customThreshold": "1",
            "density": "2.2",
            "discardAlpha": "1",
            "friction": "0.37",
            "id": "8673391220903936001",
            "isLockedInEditor": "false",
            "isVisibleInEditor": "true",
            "lineVelocity": "x:0 y:0 z:0",
            "mass": "1.7599995017052",
            "materialAlpha": "1.0",
            "materialColor": "r:1.0 g:0.84705882352941 b:0.45882352941176 a:1.0",
            "materialOffset": "x:1 y:1 z:1.0",
            "materialTexture": "part_suliao.tga",
            "name": "Broken plate",
            "needSync": "true",
            "partNavMeshType": "1",
            "position": "x:51.065486907959 y:41.782276153564 z:15.767115592957",
            "restitution": "0.3",
            "rotation": "x:0 y:0 z:0",
            "scale": "x:2 y:0.2 z:2",
            "selectable": "true",
            "shape": "1",
            "staticBatchNo": "",
            "staticObject": "false",
            "useAnchor": "true",
            "useCollide": "true",
            "useGravity": "true",
            "useTextureAlpha": "false"
          }
        },
        {
          "children": [
            {
              "class": "Decal",
              "customProperties": [],
              "properties": {
                "decalAlpha": "1",
                "decalColor": "r:1.0 g:1.0 b:1.0 a:1.0",
                "decalImageType": "0",
                "decalOffset": "x:0 y:0 z:1.0",
                "decalSurface": "0",
                "decalTexture": "",
                "decalTiling": "x:0 y:0 z:1.0",
                "id": "8673391297417084929",
                "name": "Decal"
              }
            }
          ],
          "class": "Part",
          "customProperties": [],
          "properties": {
            "angleVelocity": "x:0 y:0 z:0",
            "batchType": "Static",
            "bloom": "false",
            "booleanOperation": "0",
            "btsKey": "64cb9567-3b29-43ae-bf63-3d39375164c6",
            "cameraCollideEnable": "true",
            "collisionFidelity": "0",
            "collisionUniqueKey": "",
            "customThreshold": "1",
            "density": "2.2",
            "discardAlpha": "1",
            "friction": "0.37",
            "id": "8673391297416658945",
            "isLockedInEditor": "false",
            "isVisibleInEditor": "true",
            "lineVelocity": "x:0 y:0 z:0",
            "mass": "1.7599995017052",
            "materialAlpha": "1.0",
            "materialColor": "r:1.0 g:0.84705882352941 b:0.45882352941176 a:1.0",
            "materialOffset": "x:1 y:1 z:1.0",
            "materialTexture": "part_suliao.tga",
            "name": "Broken plate",
            "needSync": "true",
            "partNavMeshType": "1",
            "position": "x:54.537223815918 y:41.164131164551 z:12.783379554749",
            "restitution": "0.3",
            "rotation": "x:0 y:0 z:0",
            "scale": "x:2 y:0.2 z:2",
            "selectable": "true",
            "shape": "1",
            "staticBatchNo": "",
            "staticObject": "false",
            "useAnchor": "true",
            "useCollide": "true",
            "useGravity": "true",
            "useTextureAlpha": "false"
          }
        },
        {
          "children": [
            {
              "class": "Decal",
              "customProperties": [],
              "properties": {
                "decalAlpha": "1",
                "decalColor": "r:1.0 g:1.0 b:1.0 a:1.0",
                "decalImageType": "0",
                "decalOffset": "x:0 y:0 z:1.0",
                "decalSurface": "0",
                "decalTexture": "",
                "decalTiling": "x:0 y:0 z:1.0",
                "id": "8673391340404506625",
                "name": "Decal"
              }
            }
          ],
          "class": "Part",
          "customProperties": [],
          "properties": {
            "angleVelocity": "x:0 y:0 z:0",
            "batchType": "Static",
            "bloom": "false",
            "booleanOperation": "0",
            "btsKey": "15c41883-7c24-4a95-98dd-607ee82c4d1e",
            "cameraCollideEnable": "true",
            "collisionFidelity": "0",
            "collisionUniqueKey": "",
            "customThreshold": "1",
            "density": "2.2",
            "discardAlpha": "1",
            "friction": "0.37",
            "id": "8673391340404064257",
            "isLockedInEditor": "false",
            "isVisibleInEditor": "true",
            "lineVelocity": "x:0 y:0 z:0",
            "mass": "1.7599995017052",
            "materialAlpha": "1.0",
            "materialColor": "r:1.0 g:0.84705882352941 b:0.45882352941176 a:1.0",
            "materialOffset": "x:1 y:1 z:1.0",
            "materialTexture": "part_suliao.tga",
            "name": "Broken plate",
            "needSync": "true",
            "partNavMeshType": "1",
            "position": "x:53.309741973877 y:41.684803009033 z:18.995258331299",
            "restitution": "0.3",
            "rotation": "x:0 y:0 z:0",
            "scale": "x:2 y:0.2 z:2",
            "selectable": "true",
            "shape": "1",
            "staticBatchNo": "",
            "staticObject": "false",
            "useAnchor": "true",
            "useCollide": "true",
            "useGravity": "true",
            "useTextureAlpha": "false"
          }
        }
      ],
      "class": "Model",
      "customProperties": [],
      "properties": {
        "batchType": "Static",
        "id": "8673420146389139457",
        "name": "Broken plate",
        "needSync": "true",
        "position": "x:48.322328567505 y:40.975553512573 z:16.234665870667",
        "rotation": "x:0 y:0 z:0",
        "selectable": "true"
      }
    },
    {
      "children": [
        {
          "class": "Decal",
          "customProperties": [],
          "properties": {
            "decalAlpha": "1",
            "decalColor": "r:1.0 g:1.0 b:1.0 a:1.0",
            "decalImageType": "0",
            "decalOffset": "x:0 y:0 z:1.0",
            "decalSurface": "4",
            "decalTexture": "asset/Texture/Item/penhuo.png",
            "decalTiling": "x:0 y:0 z:1.0",
            "id": "8673430558954979329",
            "name": "Decal"
          }
        }
      ],
      "class": "Part",
      "customProperties": [],
      "properties": {
        "angleVelocity": "x:0 y:0 z:0",
        "batchType": "Static",
        "bloom": "false",
        "booleanOperation": "0",
        "btsKey": "ec2c41d6-6f59-4c3c-92e1-b619c172d4d4",
        "cameraCollideEnable": "true",
        "collisionFidelity": "0",
        "collisionUniqueKey": "",
        "customThreshold": "1",
        "density": "2.2",
        "discardAlpha": "1",
        "friction": "0.37",
        "id": "8673427864529960961",
        "isLockedInEditor": "false",
        "isVisibleInEditor": "true",
        "lineVelocity": "x:2 y:0 z:0",
        "mass": "219.99993286133",
        "materialAlpha": "1.0",
        "materialColor": "r:1.0 g:1.0 b:1.0 a:1.0",
        "materialOffset": "x:1 y:1 z:1.0",
        "materialTexture": "part_suliao.tga",
        "name": "Part",
        "needSync": "true",
        "partNavMeshType": "1",
        "position": "x:5.974142074585 y:47.330760955811 z:30.939113616943",
        "restitution": "0.3",
        "rotation": "x:0 y:0 z:-15",
        "scale": "x:50 y:0.2 z:10",
        "selectable": "true",
        "shape": "1",
        "staticBatchNo": "",
        "staticObject": "false",
        "useAnchor": "true",
        "useCollide": "true",
        "useGravity": "true",
        "useTextureAlpha": "false"
      }
    },
    {
      "children": [
        {
          "class": "Part",
          "customProperties": [],
          "properties": {
            "angleVelocity": "x:0 y:200 z:0",
            "batchType": "Static",
            "bloom": "false",
            "booleanOperation": "0",
            "btsKey": "c653e380-e394-47fa-8a5c-525b8c31659d",
            "cameraCollideEnable": "true",
            "collisionFidelity": "0",
            "collisionUniqueKey": "",
            "customThreshold": "1",
            "density": "2.2",
            "discardAlpha": "1",
            "friction": "0.37",
            "id": "8673426186462232577",
            "isLockedInEditor": "false",
            "isVisibleInEditor": "true",
            "lineVelocity": "x:0 y:0 z:0",
            "mass": "8.6349988460541",
            "materialAlpha": "1.0",
            "materialColor": "r:0.8 g:0.44313725490196 b:1.0 a:1.0",
            "materialOffset": "x:1 y:1 z:1.0",
            "materialTexture": "part_suliao.tga",
            "name": "Part",
            "needSync": "true",
            "partNavMeshType": "1",
            "position": "x:54.66641998291 y:41.160663604736 z:30.968475341797",
            "restitution": "0.3",
            "rotation": "x:0 y:0 z:0",
            "scale": "x:5 y:0.2 z:5",
            "selectable": "true",
            "shape": "3",
            "staticBatchNo": "",
            "staticObject": "false",
            "useAnchor": "true",
            "useCollide": "true",
            "useGravity": "true",
            "useTextureAlpha": "false"
          }
        },
        {
          "class": "Part",
          "customProperties": [],
          "properties": {
            "angleVelocity": "x:0 y:200 z:0",
            "batchType": "Static",
            "bloom": "false",
            "booleanOperation": "0",
            "btsKey": "9cfc51b9-2a2a-4587-aec1-6fc0453df4b2",
            "cameraCollideEnable": "true",
            "collisionFidelity": "0",
            "collisionUniqueKey": "",
            "customThreshold": "1",
            "density": "2.2",
            "discardAlpha": "1",
            "friction": "0.37",
            "id": "8673422384500686849",
            "isLockedInEditor": "false",
            "isVisibleInEditor": "true",
            "lineVelocity": "x:0 y:0 z:0",
            "mass": "8.6349988460541",
            "materialAlpha": "1.0",
            "materialColor": "r:0.8 g:0.44313725490196 b:1.0 a:1.0",
            "materialOffset": "x:1 y:1 z:1.0",
            "materialTexture": "part_suliao.tga",
            "name": "Part",
            "needSync": "true",
            "partNavMeshType": "1",
            "position": "x:49.595607757568 y:41.270980834961 z:27.430545806885",
            "restitution": "0.3",
            "rotation": "x:0 y:0 z:0",
            "scale": "x:5 y:0.2 z:5",
            "selectable": "true",
            "shape": "3",
            "staticBatchNo": "",
            "staticObject": "false",
            "useAnchor": "true",
            "useCollide": "true",
            "useGravity": "true",
            "useTextureAlpha": "false"
          }
        },
        {
          "class": "Part",
          "customProperties": [],
          "properties": {
            "angleVelocity": "x:0 y:200 z:0",
            "batchType": "Static",
            "bloom": "false",
            "booleanOperation": "0",
            "btsKey": "930e9daf-dad7-4559-b304-bb5ee7195fd8",
            "cameraCollideEnable": "true",
            "collisionFidelity": "0",
            "collisionUniqueKey": "",
            "customThreshold": "1",
            "density": "2.2",
            "discardAlpha": "1",
            "friction": "0.37",
            "id": "8673424097911226369",
            "isLockedInEditor": "false",
            "isVisibleInEditor": "true",
            "lineVelocity": "x:0 y:0 z:0",
            "mass": "8.6349988460541",
            "materialAlpha": "1.0",
            "materialColor": "r:0.8 g:0.44313725490196 b:1.0 a:1.0",
            "materialOffset": "x:1 y:1 z:1.0",
            "materialTexture": "part_suliao.tga",
            "name": "Part",
            "needSync": "true",
            "partNavMeshType": "1",
            "position": "x:48.832458496094 y:41.471164703369 z:33.795013427734",
            "restitution": "0.3",
            "rotation": "x:0 y:0 z:0",
            "scale": "x:5 y:0.2 z:5",
            "selectable": "true",
            "shape": "3",
            "staticBatchNo": "",
            "staticObject": "false",
            "useAnchor": "true",
            "useCollide": "true",
            "useGravity": "true",
            "useTextureAlpha": "false"
          }
        },
        {
          "class": "Part",
          "customProperties": [],
          "properties": {
            "angleVelocity": "x:0 y:200 z:0",
            "batchType": "Static",
            "bloom": "false",
            "booleanOperation": "0",
            "btsKey": "65500bf5-e5fd-4223-b53e-56d319f1541a",
            "cameraCollideEnable": "true",
            "collisionFidelity": "0",
            "collisionUniqueKey": "",
            "customThreshold": "1",
            "density": "2.2",
            "discardAlpha": "1",
            "friction": "0.37",
            "id": "8673424117650178049",
            "isLockedInEditor": "false",
            "isVisibleInEditor": "true",
            "lineVelocity": "x:0 y:0 z:0",
            "mass": "8.6349988460541",
            "materialAlpha": "1.0",
            "materialColor": "r:0.8 g:0.44313725490196 b:1.0 a:1.0",
            "materialOffset": "x:1 y:1 z:1.0",
            "materialTexture": "part_suliao.tga",
            "name": "Part",
            "needSync": "true",
            "partNavMeshType": "1",
            "position": "x:42.295288085938 y:41.671436309814 z:27.500926971436",
            "restitution": "0.3",
            "rotation": "x:0 y:0 z:0",
            "scale": "x:5 y:0.2 z:5",
            "selectable": "true",
            "shape": "3",
            "staticBatchNo": "",
            "staticObject": "false",
            "useAnchor": "true",
            "useCollide": "true",
            "useGravity": "true",
            "useTextureAlpha": "false"
          }
        },
        {
          "class": "Part",
          "customProperties": [],
          "properties": {
            "angleVelocity": "x:0 y:200 z:0",
            "batchType": "Static",
            "bloom": "false",
            "booleanOperation": "0",
            "btsKey": "287ff6ad-2be7-4844-9a0c-1381570bdadd",
            "cameraCollideEnable": "true",
            "collisionFidelity": "0",
            "collisionUniqueKey": "",
            "customThreshold": "1",
            "density": "2.2",
            "discardAlpha": "1",
            "friction": "0.37",
            "id": "8673424131756785665",
            "isLockedInEditor": "false",
            "isVisibleInEditor": "true",
            "lineVelocity": "x:0 y:0 z:0",
            "mass": "8.6349988460541",
            "materialAlpha": "1.0",
            "materialColor": "r:0.8 g:0.44313725490196 b:1.0 a:1.0",
            "materialOffset": "x:1 y:1 z:1.0",
            "materialTexture": "part_suliao.tga",
            "name": "Part",
            "needSync": "true",
            "partNavMeshType": "1",
            "position": "x:41.917167663574 y:41.871513366699 z:33.903549194336",
            "restitution": "0.3",
            "rotation": "x:0 y:0 z:0",
            "scale": "x:5 y:0.2 z:5",
            "selectable": "true",
            "shape": "3",
            "staticBatchNo": "",
            "staticObject": "false",
            "useAnchor": "true",
            "useCollide": "true",
            "useGravity": "true",
            "useTextureAlpha": "false"
          }
        },
        {
          "class": "Part",
          "customProperties": [],
          "properties": {
            "angleVelocity": "x:0 y:200 z:0",
            "batchType": "Static",
            "bloom": "false",
            "booleanOperation": "0",
            "btsKey": "5a3457f6-64ab-4136-9b3f-f2d2dcfac48b",
            "cameraCollideEnable": "true",
            "collisionFidelity": "0",
            "collisionUniqueKey": "",
            "customThreshold": "1",
            "density": "2.2",
            "discardAlpha": "1",
            "friction": "0.37",
            "id": "8673424159523946497",
            "isLockedInEditor": "false",
            "isVisibleInEditor": "true",
            "lineVelocity": "x:0 y:0 z:0",
            "mass": "8.6349988460541",
            "materialAlpha": "1.0",
            "materialColor": "r:0.8 g:0.44313725490196 b:1.0 a:1.0",
            "materialOffset": "x:1 y:1 z:1.0",
            "materialTexture": "part_suliao.tga",
            "name": "Part",
            "needSync": "true",
            "partNavMeshType": "1",
            "position": "x:35.557506561279 y:42.080047607422 z:27.941757202148",
            "restitution": "0.3",
            "rotation": "x:0 y:0 z:0",
            "scale": "x:5 y:0.2 z:5",
            "selectable": "true",
            "shape": "3",
            "staticBatchNo": "",
            "staticObject": "false",
            "useAnchor": "true",
            "useCollide": "true",
            "useGravity": "true",
            "useTextureAlpha": "false"
          }
        },
        {
          "class": "Part",
          "customProperties": [],
          "properties": {
            "angleVelocity": "x:0 y:200 z:0",
            "batchType": "Static",
            "bloom": "false",
            "booleanOperation": "0",
            "btsKey": "721e48d8-9029-45e2-9136-2a12957996db",
            "cameraCollideEnable": "true",
            "collisionFidelity": "0",
            "collisionUniqueKey": "",
            "customThreshold": "1",
            "density": "2.2",
            "discardAlpha": "1",
            "friction": "0.37",
            "id": "8673424170084597761",
            "isLockedInEditor": "false",
            "isVisibleInEditor": "true",
            "lineVelocity": "x:0 y:0 z:0",
            "mass": "8.6349988460541",
            "materialAlpha": "1.0",
            "materialColor": "r:0.8 g:0.44313725490196 b:1.0 a:1.0",
            "materialOffset": "x:1 y:1 z:1.0",
            "materialTexture": "part_suliao.tga",
            "name": "Part",
            "needSync": "true",
            "partNavMeshType": "1",
            "position": "x:35.290084838867 y:42.282051086426 z:34.041206359863",
            "restitution": "0.3",
            "rotation": "x:0 y:0 z:0",
            "scale": "x:5 y:0.2 z:5",
            "selectable": "true",
            "shape": "3",
            "staticBatchNo": "",
            "staticObject": "false",
            "useAnchor": "true",
            "useCollide": "true",
            "useGravity": "true",
            "useTextureAlpha": "false"
          }
        }
      ],
      "class": "Model",
      "customProperties": [],
      "properties": {
        "batchType": "Static",
        "id": "8673430060604112897",
        "name": "Spin pad",
        "needSync": "true",
        "position": "x:44.586248397827 y:41.721357345581 z:30.735876083374",
        "rotation": "x:0 y:0 z:0",
        "selectable": "true"
      }
    },
    {
      "children": [
        {
          "class": "Decal",
          "customProperties": [],
          "properties": {
            "decalAlpha": "1",
            "decalColor": "r:1.0 g:1.0 b:1.0 a:1.0",
            "decalImageType": "0",
            "decalOffset": "x:0 y:0 z:1.0",
            "decalSurface": "4",
            "decalTexture": "asset/Texture/Item/end.png",
            "decalTiling": "x:0 y:0 z:1.0",
            "id": "8673447192696586241",
            "name": "Decal"
          }
        }
      ],
      "class": "Part",
      "customProperties": [],
      "properties": {
        "angleVelocity": "x:0 y:0 z:0",
        "batchType": "Static",
        "bloom": "false",
        "booleanOperation": "0",
        "btsKey": "e1920eb4-cd04-4b2b-a3f8-1787df5252cc",
        "cameraCollideEnable": "true",
        "collisionFidelity": "0",
        "collisionUniqueKey": "",
        "customThreshold": "1",
        "density": "2.2",
        "discardAlpha": "1",
        "friction": "0.37",
        "id": "8673446875091730433",
        "isLockedInEditor": "false",
        "isVisibleInEditor": "true",
        "lineVelocity": "x:0 y:0 z:0",
        "mass": "43.999987411499",
        "materialAlpha": "1.0",
        "materialColor": "r:1.0 g:1.0 b:1.0 a:1.0",
        "materialOffset": "x:1 y:1 z:1.0",
        "materialTexture": "part_suliao.tga",
        "name": "Goal",
        "needSync": "true",
        "partNavMeshType": "1",
        "position": "x:-42.132297515869 y:54.623779296875 z:31.15712928772",
        "restitution": "0.3",
        "rotation": "x:0 y:0 z:0",
        "scale": "x:10 y:0.2 z:10",
        "selectable": "true",
        "shape": "1",
        "staticBatchNo": "",
        "staticObject": "false",
        "useAnchor": "true",
        "useCollide": "true",
        "useGravity": "true",
        "useTextureAlpha": "false"
      }
    },
    {
      "children": [
        {
          "class": "Part",
          "customProperties": [],
          "properties": {
            "angleVelocity": "x:0 y:0 z:0",
            "batchType": "Static",
            "bloom": "false",
            "booleanOperation": "0",
            "btsKey": "2eaa7bf9-50c2-4659-b184-38da3d7d18e5",
            "cameraCollideEnable": "true",
            "collisionFidelity": "0",
            "collisionUniqueKey": "",
            "customThreshold": "1",
            "density": "2.2",
            "discardAlpha": "1",
            "friction": "0.37",
            "id": "8673443709077372929",
            "isLockedInEditor": "false",
            "isVisibleInEditor": "true",
            "lineVelocity": "x:-60 y:20 z:0",
            "mass": "3.959999370575",
            "materialAlpha": "1.0",
            "materialColor": "r:0.68235294117647 g:1.0 b:1.0 a:1.0",
            "materialOffset": "x:1 y:1 z:1.0",
            "materialTexture": "part_suliao.tga",
            "name": "Part",
            "needSync": "true",
            "partNavMeshType": "1",
            "position": "x:-22.04400062561 y:54.33801651001 z:27",
            "restitution": "0.3",
            "rotation": "x:45 y:0 z:0",
            "scale": "x:3 y:0.2 z:3",
            "selectable": "true",
            "shape": "1",
            "staticBatchNo": "",
            "staticObject": "false",
            "useAnchor": "true",
            "useCollide": "true",
            "useGravity": "false",
            "useTextureAlpha": "false"
          }
        },
        {
          "class": "Part",
          "customProperties": [],
          "properties": {
            "angleVelocity": "x:0 y:0 z:0",
            "batchType": "Static",
            "bloom": "false",
            "booleanOperation": "0",
            "btsKey": "e303982c-199e-49db-8819-827d8ed31a64",
            "cameraCollideEnable": "true",
            "collisionFidelity": "0",
            "collisionUniqueKey": "",
            "customThreshold": "1",
            "density": "2.2",
            "discardAlpha": "1",
            "friction": "0.37",
            "id": "8673449927017332737",
            "isLockedInEditor": "false",
            "isVisibleInEditor": "true",
            "lineVelocity": "x:-60 y:20 z:0",
            "mass": "3.9599985837936",
            "materialAlpha": "1.0",
            "materialColor": "r:0.68235294117647 g:1.0 b:1.0 a:1.0",
            "materialOffset": "x:1 y:1 z:1.0",
            "materialTexture": "part_suliao.tga",
            "name": "Part",
            "needSync": "true",
            "partNavMeshType": "1",
            "position": "x:-28.817293167114 y:54.544734954834 z:27",
            "restitution": "0.3",
            "rotation": "x:44.999992370605 y:0 z:0",
            "scale": "x:3 y:0.2 z:3",
            "selectable": "true",
            "shape": "1",
            "staticBatchNo": "",
            "staticObject": "false",
            "useAnchor": "true",
            "useCollide": "true",
            "useGravity": "true",
            "useTextureAlpha": "false"
          }
        },
        {
          "class": "Part",
          "customProperties": [],
          "properties": {
            "angleVelocity": "x:0 y:0 z:0",
            "batchType": "Static",
            "bloom": "false",
            "booleanOperation": "0",
            "btsKey": "d9a0d3ed-23c2-4c85-af86-bde28c13d19f",
            "cameraCollideEnable": "true",
            "collisionFidelity": "0",
            "collisionUniqueKey": "",
            "customThreshold": "1",
            "density": "2.2",
            "discardAlpha": "1",
            "friction": "0.37",
            "id": "8673481701965201409",
            "isLockedInEditor": "false",
            "isVisibleInEditor": "true",
            "lineVelocity": "x:-60 y:20 z:0",
            "mass": "3.9599991083145",
            "materialAlpha": "1.0",
            "materialColor": "r:0.68235294117647 g:1.0 b:1.0 a:1.0",
            "materialOffset": "x:1 y:1 z:1.0",
            "materialTexture": "part_suliao.tga",
            "name": "Part",
            "needSync": "true",
            "partNavMeshType": "1",
            "position": "x:-35.522346496582 y:54.670429229736 z:27",
            "restitution": "0.3",
            "rotation": "x:44.999988555908 y:0 z:0",
            "scale": "x:3 y:0.2 z:3",
            "selectable": "true",
            "shape": "1",
            "staticBatchNo": "",
            "staticObject": "false",
            "useAnchor": "true",
            "useCollide": "true",
            "useGravity": "true",
            "useTextureAlpha": "false"
          }
        },
        {
          "class": "Part",
          "customProperties": [],
          "properties": {
            "angleVelocity": "x:0 y:0 z:0",
            "batchType": "Static",
            "bloom": "false",
            "booleanOperation": "0",
            "btsKey": "449d898f-f31d-4951-ae77-8459ca6c6527",
            "cameraCollideEnable": "true",
            "collisionFidelity": "0",
            "collisionUniqueKey": "",
            "customThreshold": "1",
            "density": "2.2",
            "discardAlpha": "1",
            "friction": "0.37",
            "id": "8673450314950328321",
            "isLockedInEditor": "false",
            "isVisibleInEditor": "true",
            "lineVelocity": "x:-60 y:20 z:0",
            "mass": "3.959999370575",
            "materialAlpha": "1.0",
            "materialColor": "r:0.68235294117647 g:1.0 b:1.0 a:1.0",
            "materialOffset": "x:1 y:1 z:1.0",
            "materialTexture": "part_suliao.tga",
            "name": "Part",
            "needSync": "true",
            "partNavMeshType": "1",
            "position": "x:-32.023849487305 y:54.567485809326 z:35",
            "restitution": "0.3",
            "rotation": "x:-45 y:0 z:0",
            "scale": "x:3 y:0.2 z:3",
            "selectable": "true",
            "shape": "1",
            "staticBatchNo": "",
            "staticObject": "false",
            "useAnchor": "true",
            "useCollide": "true",
            "useGravity": "true",
            "useTextureAlpha": "false"
          }
        },
        {
          "class": "Part",
          "customProperties": [],
          "properties": {
            "angleVelocity": "x:0 y:0 z:0",
            "batchType": "Static",
            "bloom": "false",
            "booleanOperation": "0",
            "btsKey": "cc55d9c8-e698-4454-a51a-0111fd7bc735",
            "cameraCollideEnable": "true",
            "collisionFidelity": "0",
            "collisionUniqueKey": "",
            "customThreshold": "1",
            "density": "2.2",
            "discardAlpha": "1",
            "friction": "0.37",
            "id": "8673450271038455809",
            "isLockedInEditor": "false",
            "isVisibleInEditor": "true",
            "lineVelocity": "x:-60 y:20 z:0",
            "mass": "3.959999370575",
            "materialAlpha": "1.0",
            "materialColor": "r:0.68235294117647 g:1.0 b:1.0 a:1.0",
            "materialOffset": "x:1 y:1 z:1.0",
            "materialTexture": "part_suliao.tga",
            "name": "Part",
            "needSync": "true",
            "partNavMeshType": "1",
            "position": "x:-25.348484039307 y:54.391372680664 z:35",
            "restitution": "0.3",
            "rotation": "x:-45 y:0 z:0",
            "scale": "x:3 y:0.2 z:3",
            "selectable": "true",
            "shape": "1",
            "staticBatchNo": "",
            "staticObject": "false",
            "useAnchor": "true",
            "useCollide": "true",
            "useGravity": "true",
            "useTextureAlpha": "false"
          }
        }
      ],
      "class": "Model",
      "customProperties": [],
      "properties": {
        "batchType": "Static",
        "id": "8673514820846026753",
        "name": "Model",
        "needSync": "true",
        "position": "x:-28.783172607422 y:54.509223937988 z:31.5",
        "rotation": "x:0 y:0 z:0",
        "selectable": "true"
      }
    },
    {
      "class": "Entity",
      "config": "myplugin/player1",
      "customProperties": [],
      "properties": {
        "batchType": "Static",
        "id": "8673539690979442689",
        "name": "Player",
        "needSync": "true",
        "position": "x:52.590167999268 y:20.100006103516 z:-52.658248901367",
        "rotation": "x:0 y:0 z:0",
        "scale": "x:1 y:1 z:1",
        "selectable": "true"
      }
    }
  ],
  "skyBox": [
    {
      "texture": [
        "@asset/Texture/SkyBox/Common2/Sky03_right.png",
        "@asset/Texture/SkyBox/Common2/Sky03_left.png",
        "@asset/Texture/SkyBox/Common2/Sky03_top.png",
        "@asset/Texture/SkyBox/Common2/Sky03_bottom.png",
        "@asset/Texture/SkyBox/Common2/Sky03_back.png",
        "@asset/Texture/SkyBox/Common2/Sky03_front.png"
      ]
    }
  ],
  "skyBoxMode": "static_display",
  "skyBoxRotate": {
    "x": 0,
    "y": 0,
    "z": 0
  },
  "skyBoxTexPixFmt": "RGBA8",
  "skyBoxTexSize": 512,
  "touchPosY": {
    "touchdownPosY": -30.0,
    "touchupPosY": 600
  }
}