{
  "area": [
    [
      0,
      -190
    ],
    [
      0,
      -200
    ],
    [
      0,
      88
    ],
    [
      0,
      88
    ]
  ],
  "area_number": 8,
  "backSwingTime": 0,
  "buffCfg": "myplugin/76c54988-1df6-4d47-979f-f4666faa49eb",
  "buffTime": 100,
  "castAction": "",
  "castActionTime": -1,
  "cdTime": 0,
  "consumeVp": 0,
  "customizeSkill": true,
  "draggingEnabled": false,
  "enable_pre": false,
  "enable_rear": false,
  "enableMoveBrkBackS": false,
  "enableMoveBrkPreS": false,
  "frontSight": "",
  "horizontalAlignment": 2,
  "icon": "",
  "ignoreCastSkillBackS": false,
  "ignoreCastSkillPreS": true,
  "ignoreJumpBackS": false,
  "ignoreJumpPreS": false,
  "ignoreMoveBackS": false,
  "ignoreMovePreS": false,
  "isClick": false,
  "isTouch": false,
  "preSwingTime": 0,
  "sensitivityFactor": 1,
  "startAction": "",
  "startActionTime": 0,
  "sustainAction": "",
  "type": "Buff",
  "verticalAlignment": 2
}