{
  "blinn": 0,
  "canBreak": true,
  "hdr": 0,
  "hideCloud": true,
  "moveDownGravity": 0.15,
  "scene": [
    {
      "class": "VoxelTerrain",
      "customProperties": [],
      "properties": {
        "id": "8690189574407094273",
        "name": "VoxelTerrain",
        "uniqueKey": ""
      }
    },
    {
      "class": "Light",
      "customProperties": [],
      "properties": {
        "batchType": "Static",
        "id": "8690189574455328769",
        "ID": "2",
        "lightActived": "true",
        "lightAngle": "30.0",
        "lightBrightness": "1.0",
        "lightColor": "r:1.0 g:1.0 b:1.0 a:1.0",
        "lightLength": "1.0",
        "lightRange": "8.0",
        "lightType": "GlobalLight",
        "lightWidth": "1.0",
        "name": "EnvironmentLight",
        "needSync": "true",
        "position": "x:0 y:0 z:0",
        "rotation": "x:0 y:0 z:0",
        "scale": "x:1 y:1 z:1",
        "selectable": "true",
        "shadowsDistance": "20.0",
        "shadowsIntensity": "1.0",
        "shadowsOffset": "0.02",
        "shadowsPresicion": "1024",
        "shadowsType": "null",
        "skyColor": "r:0.49803921568627 g:0.52156862745098 b:0.55294117647059 a:1.0",
        "skyLineColor": "r:0.24313725490196 g:0.23529411764706 b:0.2078431372549 a:1.0"
      }
    },
    {
      "children": [
        {
          "children": [
            {
              "class": "Decal",
              "customProperties": [],
              "properties": {
                "decalAlpha": "1",
                "decalColor": "r:1.0 g:1.0 b:1.0 a:1.0",
                "decalImageType": "0",
                "decalOffset": "x:0 y:0 z:1.0",
                "decalSurface": "4",
                "decalTexture": "asset/Texture/Item/start.png",
                "decalTiling": "x:0 y:0 z:1.0",
                "id": "8690205498402209793",
                "name": "Decal"
              }
            }
          ],
          "class": "Part",
          "customProperties": [],
          "properties": {
            "angleVelocity": "x:0 y:0 z:0",
            "batchType": "Static",
            "bloom": "false",
            "booleanOperation": "0",
            "btsKey": "1b6c8fb0-8f3c-4f78-bb94-0b0c4b9073b6",
            "cameraCollideEnable": "true",
            "collisionFidelity": "0",
            "collisionUniqueKey": "",
            "customThreshold": "1",
            "density": "2.2",
            "discardAlpha": "0.0",
            "friction": "0.37",
            "id": "8690205498401259521",
            "isLockedInEditor": "false",
            "isVisibleInEditor": "true",
            "lineVelocity": "x:0 y:0 z:0",
            "mass": "99.0",
            "materialAlpha": "1.0",
            "materialColor": "r:1.0 g:1.0 b:1.0 a:1.0",
            "materialOffset": "x:1 y:1 z:1.0",
            "materialTexture": "part_suliao.tga",
            "name": "Start",
            "needSync": "true",
            "partNavMeshType": "1",
            "position": "x:40 y:1.0840158462524 z:0",
            "restitution": "0.3",
            "rotation": "x:0 y:0 z:0",
            "scale": "x:15 y:0.2 z:15",
            "selectable": "true",
            "shape": "1",
            "staticBatchNo": "",
            "staticObject": "false",
            "useAnchor": "true",
            "useCollide": "true",
            "useGravity": "true",
            "useTextureAlpha": "false"
          }
        },
        {
          "class": "Part",
          "customProperties": [],
          "properties": {
            "angleVelocity": "x:0 y:0 z:0",
            "batchType": "Static",
            "bloom": "false",
            "booleanOperation": "0",
            "btsKey": "358835da-9abe-46aa-9f6d-6c30ad3a9916",
            "cameraCollideEnable": "true",
            "collisionFidelity": "0",
            "collisionUniqueKey": "",
            "customThreshold": "1",
            "density": "2.2",
            "discardAlpha": "0.0",
            "friction": "0.37",
            "id": "8690206458314637313",
            "isLockedInEditor": "false",
            "isVisibleInEditor": "true",
            "lineVelocity": "x:0 y:0 z:0",
            "mass": "165.0",
            "materialAlpha": "0",
            "materialColor": "r:1.0 g:1.0 b:1.0 a:1.0",
            "materialOffset": "x:1 y:1 z:1.0",
            "materialTexture": "part_suliao.tga",
            "name": "Part",
            "needSync": "true",
            "partNavMeshType": "1",
            "position": "x:32.5 y:3.5839974880219 z:0",
            "restitution": "0.3",
            "rotation": "x:0 y:0 z:0",
            "scale": "x:1 y:5 z:15",
            "selectable": "true",
            "shape": "1",
            "staticBatchNo": "",
            "staticObject": "false",
            "useAnchor": "true",
            "useCollide": "true",
            "useGravity": "true",
            "useTextureAlpha": "false"
          }
        },
        {
          "class": "Part",
          "customProperties": [],
          "properties": {
            "angleVelocity": "x:0 y:0 z:0",
            "batchType": "Static",
            "bloom": "false",
            "booleanOperation": "0",
            "btsKey": "be589a11-38c7-4df8-8dff-5fcca5340ec8",
            "cameraCollideEnable": "true",
            "collisionFidelity": "0",
            "collisionUniqueKey": "",
            "customThreshold": "1",
            "density": "2.2",
            "discardAlpha": "0.0",
            "friction": "0.37",
            "id": "8690207807722684417",
            "isLockedInEditor": "false",
            "isVisibleInEditor": "true",
            "lineVelocity": "x:0 y:0 z:0",
            "mass": "165.0",
            "materialAlpha": "0",
            "materialColor": "r:1.0 g:1.0 b:1.0 a:1.0",
            "materialOffset": "x:1 y:1 z:1.0",
            "materialTexture": "part_suliao.tga",
            "name": "Part",
            "needSync": "true",
            "partNavMeshType": "1",
            "position": "x:47.5 y:3.5839974880219 z:0",
            "restitution": "0.3",
            "rotation": "x:0 y:0 z:0",
            "scale": "x:1 y:5 z:15",
            "selectable": "true",
            "shape": "1",
            "staticBatchNo": "",
            "staticObject": "false",
            "useAnchor": "true",
            "useCollide": "true",
            "useGravity": "true",
            "useTextureAlpha": "false"
          }
        },
        {
          "class": "Part",
          "customProperties": [],
          "properties": {
            "angleVelocity": "x:0 y:0 z:0",
            "batchType": "Static",
            "bloom": "false",
            "booleanOperation": "0",
            "btsKey": "d2f409f4-2a2a-4a2f-8c68-dcb8fdd40cc7",
            "cameraCollideEnable": "true",
            "collisionFidelity": "0",
            "collisionUniqueKey": "",
            "customThreshold": "1",
            "density": "2.2",
            "discardAlpha": "0.0",
            "friction": "0.37",
            "id": "8690208001078591489",
            "isLockedInEditor": "false",
            "isVisibleInEditor": "true",
            "lineVelocity": "x:0 y:0 z:0",
            "mass": "165.0",
            "materialAlpha": "0",
            "materialColor": "r:1.0 g:1.0 b:1.0 a:1.0",
            "materialOffset": "x:1 y:1 z:1.0",
            "materialTexture": "part_suliao.tga",
            "name": "Part",
            "needSync": "true",
            "partNavMeshType": "1",
            "position": "x:40 y:3.5839974880219 z:-7.5",
            "restitution": "0.3",
            "rotation": "x:0 y:90 z:0",
            "scale": "x:1 y:5 z:15",
            "selectable": "true",
            "shape": "1",
            "staticBatchNo": "",
            "staticObject": "false",
            "useAnchor": "true",
            "useCollide": "true",
            "useGravity": "true",
            "useTextureAlpha": "false"
          }
        },
        {
          "class": "Part",
          "customProperties": [],
          "properties": {
            "angleVelocity": "x:0 y:0 z:0",
            "batchType": "Static",
            "bloom": "false",
            "booleanOperation": "0",
            "btsKey": "e6021f97-03dd-421f-bc55-82bd997da81d",
            "cameraCollideEnable": "true",
            "collisionFidelity": "0",
            "collisionUniqueKey": "",
            "customThreshold": "1",
            "density": "2.2",
            "discardAlpha": "0.0",
            "friction": "0.37",
            "id": "8690209127689584641",
            "isLockedInEditor": "false",
            "isVisibleInEditor": "true",
            "lineVelocity": "x:0 y:0 z:0",
            "mass": "165.0",
            "materialAlpha": "0",
            "materialColor": "r:1.0 g:1.0 b:1.0 a:1.0",
            "materialOffset": "x:1 y:1 z:1.0",
            "materialTexture": "part_suliao.tga",
            "name": "Part",
            "needSync": "true",
            "partNavMeshType": "1",
            "position": "x:40 y:3.5839974880219 z:7.5",
            "restitution": "0.3",
            "rotation": "x:0 y:90 z:0",
            "scale": "x:1 y:5 z:15",
            "selectable": "true",
            "shape": "1",
            "staticBatchNo": "",
            "staticObject": "false",
            "useAnchor": "true",
            "useCollide": "true",
            "useGravity": "true",
            "useTextureAlpha": "false"
          }
        }
      ],
      "class": "Model",
      "customProperties": [],
      "properties": {
        "batchType": "Static",
        "id": "8690209528212520961",
        "name": "Wait zone",
        "needSync": "true",
        "position": "x:40 y:3.533998966217 z:0",
        "rotation": "x:0 y:0 z:0",
        "selectable": "true"
      }
    },
    {
      "children": [
        {
          "class": "Decal",
          "customProperties": [],
          "properties": {
            "decalAlpha": "1",
            "decalColor": "r:1.0 g:1.0 b:1.0 a:1.0",
            "decalImageType": "0",
            "decalOffset": "x:0 y:0 z:1.0",
            "decalSurface": "4",
            "decalTexture": "asset/Texture/Item/start.png",
            "decalTiling": "x:0 y:0 z:1.0",
            "id": "8690191443418365953",
            "name": "Decal"
          }
        }
      ],
      "class": "Part",
      "customProperties": [],
      "properties": {
        "angleVelocity": "x:0 y:0 z:0",
        "batchType": "Static",
        "bloom": "false",
        "booleanOperation": "0",
        "btsKey": "2cf15a7d-90a5-4a89-8b81-8e781e6d581c",
        "cameraCollideEnable": "true",
        "collisionFidelity": "0",
        "collisionUniqueKey": "",
        "customThreshold": "1",
        "density": "2.2",
        "discardAlpha": "0.0",
        "friction": "0.37",
        "id": "8690189923061678081",
        "isLockedInEditor": "false",
        "isVisibleInEditor": "true",
        "lineVelocity": "x:0 y:0 z:0",
        "mass": "99.0",
        "materialAlpha": "1.0",
        "materialColor": "r:1.0 g:1.0 b:1.0 a:1.0",
        "materialOffset": "x:1 y:1 z:1.0",
        "materialTexture": "part_suliao.tga",
        "name": "Start",
        "needSync": "true",
        "partNavMeshType": "1",
        "position": "x:0 y:20 z:-81.230995178223",
        "restitution": "0.3",
        "rotation": "x:0 y:0 z:0",
        "scale": "x:15 y:0.2 z:15",
        "selectable": "true",
        "shape": "1",
        "staticBatchNo": "",
        "staticObject": "false",
        "useAnchor": "true",
        "useCollide": "true",
        "useGravity": "true",
        "useTextureAlpha": "false"
      }
    },
    {
      "children": [
        {
          "class": "Decal",
          "customProperties": [],
          "properties": {
            "decalAlpha": "1",
            "decalColor": "r:1.0 g:1.0 b:1.0 a:1.0",
            "decalImageType": "0",
            "decalOffset": "x:0 y:0 z:1.0",
            "decalSurface": "4",
            "decalTexture": "asset/Texture/Item/end.png",
            "decalTiling": "x:0 y:0 z:1.0",
            "id": "8690192006719815681",
            "name": "Decal"
          }
        }
      ],
      "class": "Part",
      "customProperties": [],
      "properties": {
        "angleVelocity": "x:0 y:0 z:0",
        "batchType": "Static",
        "bloom": "false",
        "booleanOperation": "0",
        "btsKey": "9170ec80-46e6-423c-a53e-04def3222f32",
        "cameraCollideEnable": "true",
        "collisionFidelity": "0",
        "collisionUniqueKey": "",
        "customThreshold": "1",
        "density": "2.2",
        "discardAlpha": "0.0",
        "friction": "0.37",
        "id": "8690192006718947329",
        "isLockedInEditor": "false",
        "isVisibleInEditor": "true",
        "lineVelocity": "x:0 y:0 z:0",
        "mass": "44.0",
        "materialAlpha": "1.0",
        "materialColor": "r:1.0 g:1.0 b:1.0 a:1.0",
        "materialOffset": "x:1 y:1 z:1.0",
        "materialTexture": "part_suliao.tga",
        "name": "End",
        "needSync": "true",
        "partNavMeshType": "1",
        "position": "x:0 y:20 z:79.759002685547",
        "restitution": "0.3",
        "rotation": "x:0 y:0 z:0",
        "scale": "x:10 y:0.2 z:10",
        "selectable": "true",
        "shape": "1",
        "staticBatchNo": "",
        "staticObject": "false",
        "useAnchor": "true",
        "useCollide": "true",
        "useGravity": "true",
        "useTextureAlpha": "false"
      }
    },
    {
      "children": [
        {
          "class": "Part",
          "customProperties": [],
          "properties": {
            "angleVelocity": "x:0 y:0 z:0",
            "batchType": "Static",
            "bloom": "false",
            "booleanOperation": "0",
            "btsKey": "92382604-9137-4de4-80fd-0e06b062cd75",
            "cameraCollideEnable": "true",
            "collisionFidelity": "0",
            "collisionUniqueKey": "",
            "customThreshold": "1",
            "density": "2.2",
            "discardAlpha": "0.0",
            "friction": "0.37",
            "id": "8690193630077878273",
            "isLockedInEditor": "false",
            "isVisibleInEditor": "true",
            "lineVelocity": "x:0 y:0 z:0",
            "mass": "13.2",
            "materialAlpha": "1.0",
            "materialColor": "r:1.0 g:0.67450980392157 b:1.0 a:1.0",
            "materialOffset": "x:1 y:1 z:1.0",
            "materialTexture": "part_suliao.tga",
            "name": "Part",
            "needSync": "true",
            "partNavMeshType": "1",
            "position": "x:0 y:20 z:-71.231010437012",
            "restitution": "0.3",
            "rotation": "x:0 y:0 z:0",
            "scale": "x:15 y:0.2 z:2",
            "selectable": "true",
            "shape": "1",
            "staticBatchNo": "",
            "staticObject": "false",
            "useAnchor": "true",
            "useCollide": "true",
            "useGravity": "true",
            "useTextureAlpha": "false"
          }
        },
        {
          "class": "Part",
          "customProperties": [],
          "properties": {
            "angleVelocity": "x:0 y:0 z:0",
            "batchType": "Static",
            "bloom": "false",
            "booleanOperation": "0",
            "btsKey": "d9c24cc9-5a36-4fbd-ad69-545052f9a928",
            "cameraCollideEnable": "true",
            "collisionFidelity": "0",
            "collisionUniqueKey": "",
            "customThreshold": "1",
            "density": "2.2",
            "discardAlpha": "0.0",
            "friction": "0.37",
            "id": "8690196279381164033",
            "isLockedInEditor": "false",
            "isVisibleInEditor": "true",
            "lineVelocity": "x:0 y:0 z:0",
            "mass": "13.2",
            "materialAlpha": "1.0",
            "materialColor": "r:1.0 g:0.67450980392157 b:1.0 a:1.0",
            "materialOffset": "x:1 y:1 z:1.0",
            "materialTexture": "part_suliao.tga",
            "name": "Part",
            "needSync": "true",
            "partNavMeshType": "1",
            "position": "x:0 y:20 z:-67.231010437012",
            "restitution": "0.3",
            "rotation": "x:0 y:0 z:0",
            "scale": "x:15 y:0.2 z:2",
            "selectable": "true",
            "shape": "1",
            "staticBatchNo": "",
            "staticObject": "false",
            "useAnchor": "true",
            "useCollide": "true",
            "useGravity": "true",
            "useTextureAlpha": "false"
          }
        },
        {
          "class": "Part",
          "customProperties": [],
          "properties": {
            "angleVelocity": "x:0 y:0 z:0",
            "batchType": "Static",
            "bloom": "false",
            "booleanOperation": "0",
            "btsKey": "8d897657-d639-44e8-9fec-dd0c144c5599",
            "cameraCollideEnable": "true",
            "collisionFidelity": "0",
            "collisionUniqueKey": "",
            "customThreshold": "1",
            "density": "2.2",
            "discardAlpha": "0.0",
            "friction": "0.37",
            "id": "8690196810260971521",
            "isLockedInEditor": "false",
            "isVisibleInEditor": "true",
            "lineVelocity": "x:0 y:0 z:0",
            "mass": "13.2",
            "materialAlpha": "1.0",
            "materialColor": "r:1.0 g:0.67450980392157 b:1.0 a:1.0",
            "materialOffset": "x:1 y:1 z:1.0",
            "materialTexture": "part_suliao.tga",
            "name": "Part",
            "needSync": "true",
            "partNavMeshType": "1",
            "position": "x:0 y:20 z:-63.231010437012",
            "restitution": "0.3",
            "rotation": "x:0 y:0 z:0",
            "scale": "x:15 y:0.2 z:2",
            "selectable": "true",
            "shape": "1",
            "staticBatchNo": "",
            "staticObject": "false",
            "useAnchor": "true",
            "useCollide": "true",
            "useGravity": "true",
            "useTextureAlpha": "false"
          }
        }
      ],
      "class": "Model",
      "customProperties": [],
      "properties": {
        "batchType": "Static",
        "id": "8690196968626503681",
        "name": "Zone1",
        "needSync": "true",
        "position": "x:0 y:20 z:-67.231010437012",
        "rotation": "x:0 y:0 z:0",
        "selectable": "true"
      }
    },
    {
      "children": [
        {
          "class": "Decal",
          "customProperties": [],
          "properties": {
            "decalAlpha": "1",
            "decalColor": "r:1.0 g:1.0 b:1.0 a:1.0",
            "decalImageType": "0",
            "decalOffset": "x:0 y:0 z:1.0",
            "decalSurface": "4",
            "decalTexture": "asset/Texture/Item/penhuo.png",
            "decalTiling": "x:0 y:0 z:1.0",
            "id": "8690199531165302785",
            "name": "Decal"
          }
        }
      ],
      "class": "Part",
      "customProperties": [],
      "properties": {
        "angleVelocity": "x:0 y:0 z:0",
        "batchType": "Static",
        "bloom": "false",
        "booleanOperation": "0",
        "btsKey": "6ccfd7e6-1e97-4d59-b55c-7a8b602f3d1f",
        "cameraCollideEnable": "true",
        "collisionFidelity": "0",
        "collisionUniqueKey": "",
        "customThreshold": "1",
        "density": "2.2",
        "discardAlpha": "0.0",
        "friction": "0.37",
        "id": "8690197977286410241",
        "isLockedInEditor": "false",
        "isVisibleInEditor": "true",
        "lineVelocity": "x:0 y:0 z:5",
        "mass": "110.0",
        "materialAlpha": "1.0",
        "materialColor": "r:1.0 g:1.0 b:1.0 a:1.0",
        "materialOffset": "x:1 y:1 z:1.0",
        "materialTexture": "part_suliao.tga",
        "name": "Zone2",
        "needSync": "true",
        "partNavMeshType": "1",
        "position": "x:-1.1433363624747e-06 y:20 z:-48.427982330322",
        "restitution": "0.3",
        "rotation": "x:0 y:-90 z:0",
        "scale": "x:25 y:0.2 z:10",
        "selectable": "true",
        "shape": "1",
        "staticBatchNo": "",
        "staticObject": "false",
        "useAnchor": "true",
        "useCollide": "true",
        "useGravity": "true",
        "useTextureAlpha": "false"
      }
    },
    {
      "children": [
        {
          "children": [
            {
              "class": "Decal",
              "customProperties": [],
              "properties": {
                "decalAlpha": "1",
                "decalColor": "r:1.0 g:1.0 b:1.0 a:1.0",
                "decalImageType": "0",
                "decalOffset": "x:0 y:0 z:1.0",
                "decalSurface": "0",
                "decalTexture": "",
                "decalTiling": "x:0 y:0 z:1.0",
                "id": "8690203524350902273",
                "name": "Decal"
              }
            }
          ],
          "class": "Part",
          "customProperties": [],
          "properties": {
            "angleVelocity": "x:0 y:0 z:0",
            "batchType": "Static",
            "bloom": "false",
            "booleanOperation": "0",
            "btsKey": "6240bc32-9daf-4699-80df-1bbcded44b2c",
            "cameraCollideEnable": "true",
            "collisionFidelity": "0",
            "collisionUniqueKey": "",
            "customThreshold": "1",
            "density": "2.2",
            "discardAlpha": "1",
            "friction": "0.37",
            "id": "8690203524349591553",
            "isLockedInEditor": "false",
            "isVisibleInEditor": "true",
            "lineVelocity": "x:0 y:0 z:0",
            "mass": "3.9600001573563",
            "materialAlpha": "1.0",
            "materialColor": "r:1.0 g:0.84705882352941 b:0.45882352941176 a:1.0",
            "materialOffset": "x:1 y:1 z:1.0",
            "materialTexture": "part_suliao.tga",
            "name": "Broken plate",
            "needSync": "true",
            "partNavMeshType": "1",
            "position": "x:-2.3469272036891e-07 y:20 z:6.3134231567383",
            "restitution": "0.3",
            "rotation": "x:0 y:0 z:0",
            "scale": "x:3 y:0.2 z:3",
            "selectable": "true",
            "shape": "1",
            "staticBatchNo": "",
            "staticObject": "false",
            "useAnchor": "true",
            "useCollide": "true",
            "useGravity": "true",
            "useTextureAlpha": "false"
          }
        },
        {
          "children": [
            {
              "class": "Decal",
              "customProperties": [],
              "properties": {
                "decalAlpha": "1",
                "decalColor": "r:1.0 g:1.0 b:1.0 a:1.0",
                "decalImageType": "0",
                "decalOffset": "x:0 y:0 z:1.0",
                "decalSurface": "0",
                "decalTexture": "",
                "decalTiling": "x:0 y:0 z:1.0",
                "id": "8690203960082448385",
                "name": "Decal"
              }
            }
          ],
          "class": "Part",
          "customProperties": [],
          "properties": {
            "angleVelocity": "x:0 y:0 z:0",
            "batchType": "Static",
            "bloom": "false",
            "booleanOperation": "0",
            "btsKey": "698523e9-d60b-4ed9-838b-9294d684cd0b",
            "cameraCollideEnable": "true",
            "collisionFidelity": "0",
            "collisionUniqueKey": "",
            "customThreshold": "1",
            "density": "2.2",
            "discardAlpha": "1",
            "friction": "0.37",
            "id": "8690203960081219585",
            "isLockedInEditor": "false",
            "isVisibleInEditor": "true",
            "lineVelocity": "x:0 y:0 z:0",
            "mass": "3.9600001573563",
            "materialAlpha": "1.0",
            "materialColor": "r:1.0 g:0.84705882352941 b:0.45882352941176 a:1.0",
            "materialOffset": "x:1 y:1 z:1.0",
            "materialTexture": "part_suliao.tga",
            "name": "Broken plate",
            "needSync": "true",
            "partNavMeshType": "1",
            "position": "x:4.5029702186584 y:20 z:6.3134231567383",
            "restitution": "0.3",
            "rotation": "x:0 y:0 z:0",
            "scale": "x:3 y:0.2 z:3",
            "selectable": "true",
            "shape": "1",
            "staticBatchNo": "",
            "staticObject": "false",
            "useAnchor": "true",
            "useCollide": "true",
            "useGravity": "true",
            "useTextureAlpha": "false"
          }
        },
        {
          "children": [
            {
              "class": "Decal",
              "customProperties": [],
              "properties": {
                "decalAlpha": "1",
                "decalColor": "r:1.0 g:1.0 b:1.0 a:1.0",
                "decalImageType": "0",
                "decalOffset": "x:0 y:0 z:1.0",
                "decalSurface": "0",
                "decalTexture": "",
                "decalTiling": "x:0 y:0 z:1.0",
                "id": "8690204093418225665",
                "name": "Decal"
              }
            }
          ],
          "class": "Part",
          "customProperties": [],
          "properties": {
            "angleVelocity": "x:0 y:0 z:0",
            "batchType": "Static",
            "bloom": "false",
            "booleanOperation": "0",
            "btsKey": "c80aab8a-1fef-4eac-a9fa-cba860e18dda",
            "cameraCollideEnable": "true",
            "collisionFidelity": "0",
            "collisionUniqueKey": "",
            "customThreshold": "1",
            "density": "2.2",
            "discardAlpha": "1",
            "friction": "0.37",
            "id": "8690204093417226241",
            "isLockedInEditor": "false",
            "isVisibleInEditor": "true",
            "lineVelocity": "x:0 y:0 z:0",
            "mass": "3.9600001573563",
            "materialAlpha": "1.0",
            "materialColor": "r:1.0 g:0.84705882352941 b:0.45882352941176 a:1.0",
            "materialOffset": "x:1 y:1 z:1.0",
            "materialTexture": "part_suliao.tga",
            "name": "Broken plate",
            "needSync": "true",
            "partNavMeshType": "1",
            "position": "x:-4.6239705085754 y:20 z:6.3134231567383",
            "restitution": "0.3",
            "rotation": "x:0 y:0 z:0",
            "scale": "x:3 y:0.2 z:3",
            "selectable": "true",
            "shape": "1",
            "staticBatchNo": "",
            "staticObject": "false",
            "useAnchor": "true",
            "useCollide": "true",
            "useGravity": "true",
            "useTextureAlpha": "false"
          }
        },
        {
          "children": [
            {
              "class": "Decal",
              "customProperties": [],
              "properties": {
                "decalAlpha": "1",
                "decalColor": "r:1.0 g:1.0 b:1.0 a:1.0",
                "decalImageType": "0",
                "decalOffset": "x:0 y:0 z:1.0",
                "decalSurface": "0",
                "decalTexture": "",
                "decalTiling": "x:0 y:0 z:1.0",
                "id": "8690204416592396289",
                "name": "Decal"
              }
            }
          ],
          "class": "Part",
          "customProperties": [],
          "properties": {
            "angleVelocity": "x:0 y:0 z:0",
            "batchType": "Static",
            "bloom": "false",
            "booleanOperation": "0",
            "btsKey": "a0a2caa7-6102-449d-bf0e-d65ff45d46ab",
            "cameraCollideEnable": "true",
            "collisionFidelity": "0",
            "collisionUniqueKey": "",
            "customThreshold": "1",
            "density": "2.2",
            "discardAlpha": "1",
            "friction": "0.37",
            "id": "8690204416591446017",
            "isLockedInEditor": "false",
            "isVisibleInEditor": "true",
            "lineVelocity": "x:0 y:0 z:0",
            "mass": "3.9600001573563",
            "materialAlpha": "1.0",
            "materialColor": "r:1.0 g:0.84705882352941 b:0.45882352941176 a:1.0",
            "materialOffset": "x:1 y:1 z:1.0",
            "materialTexture": "part_suliao.tga",
            "name": "Broken plate",
            "needSync": "true",
            "partNavMeshType": "1",
            "position": "x:-2.3469272036891e-07 y:20 z:10.776411056519",
            "restitution": "0.3",
            "rotation": "x:0 y:0 z:0",
            "scale": "x:3 y:0.2 z:3",
            "selectable": "true",
            "shape": "1",
            "staticBatchNo": "",
            "staticObject": "false",
            "useAnchor": "true",
            "useCollide": "true",
            "useGravity": "true",
            "useTextureAlpha": "false"
          }
        },
        {
          "children": [
            {
              "class": "Decal",
              "customProperties": [],
              "properties": {
                "decalAlpha": "1",
                "decalColor": "r:1.0 g:1.0 b:1.0 a:1.0",
                "decalImageType": "0",
                "decalOffset": "x:0 y:0 z:1.0",
                "decalSurface": "0",
                "decalTexture": "",
                "decalTiling": "x:0 y:0 z:1.0",
                "id": "8690204416597737473",
                "name": "Decal"
              }
            }
          ],
          "class": "Part",
          "customProperties": [],
          "properties": {
            "angleVelocity": "x:0 y:0 z:0",
            "batchType": "Static",
            "bloom": "false",
            "booleanOperation": "0",
            "btsKey": "2f7b8663-ec47-4339-9a43-c322f7a1cdd8",
            "cameraCollideEnable": "true",
            "collisionFidelity": "0",
            "collisionUniqueKey": "",
            "customThreshold": "1",
            "density": "2.2",
            "discardAlpha": "1",
            "friction": "0.37",
            "id": "8690204416597049345",
            "isLockedInEditor": "false",
            "isVisibleInEditor": "true",
            "lineVelocity": "x:0 y:0 z:0",
            "mass": "3.9600001573563",
            "materialAlpha": "1.0",
            "materialColor": "r:1.0 g:0.84705882352941 b:0.45882352941176 a:1.0",
            "materialOffset": "x:1 y:1 z:1.0",
            "materialTexture": "part_suliao.tga",
            "name": "Broken plate",
            "needSync": "true",
            "partNavMeshType": "1",
            "position": "x:4.5029702186584 y:20 z:10.776411056519",
            "restitution": "0.3",
            "rotation": "x:0 y:0 z:0",
            "scale": "x:3 y:0.2 z:3",
            "selectable": "true",
            "shape": "1",
            "staticBatchNo": "",
            "staticObject": "false",
            "useAnchor": "true",
            "useCollide": "true",
            "useGravity": "true",
            "useTextureAlpha": "false"
          }
        },
        {
          "children": [
            {
              "class": "Decal",
              "customProperties": [],
              "properties": {
                "decalAlpha": "1",
                "decalColor": "r:1.0 g:1.0 b:1.0 a:1.0",
                "decalImageType": "0",
                "decalOffset": "x:0 y:0 z:1.0",
                "decalSurface": "0",
                "decalTexture": "",
                "decalTiling": "x:0 y:0 z:1.0",
                "id": "8690204416602505217",
                "name": "Decal"
              }
            }
          ],
          "class": "Part",
          "customProperties": [],
          "properties": {
            "angleVelocity": "x:0 y:0 z:0",
            "batchType": "Static",
            "bloom": "false",
            "booleanOperation": "0",
            "btsKey": "57ce6454-f1ed-44dc-9c37-5caefb343e24",
            "cameraCollideEnable": "true",
            "collisionFidelity": "0",
            "collisionUniqueKey": "",
            "customThreshold": "1",
            "density": "2.2",
            "discardAlpha": "1",
            "friction": "0.37",
            "id": "8690204416602062849",
            "isLockedInEditor": "false",
            "isVisibleInEditor": "true",
            "lineVelocity": "x:0 y:0 z:0",
            "mass": "3.9600001573563",
            "materialAlpha": "1.0",
            "materialColor": "r:1.0 g:0.84705882352941 b:0.45882352941176 a:1.0",
            "materialOffset": "x:1 y:1 z:1.0",
            "materialTexture": "part_suliao.tga",
            "name": "Broken plate",
            "needSync": "true",
            "partNavMeshType": "1",
            "position": "x:-4.6239705085754 y:20 z:10.776411056519",
            "restitution": "0.3",
            "rotation": "x:0 y:0 z:0",
            "scale": "x:3 y:0.2 z:3",
            "selectable": "true",
            "shape": "1",
            "staticBatchNo": "",
            "staticObject": "false",
            "useAnchor": "true",
            "useCollide": "true",
            "useGravity": "true",
            "useTextureAlpha": "false"
          }
        }
      ],
      "class": "Model",
      "customProperties": [],
      "properties": {
        "batchType": "Static",
        "id": "8690204752877912065",
        "name": "Zone4",
        "needSync": "true",
        "position": "x:-0.060500144958496 y:20 z:8.5449180603027",
        "rotation": "x:0 y:0 z:0",
        "selectable": "true"
      }
    },
    {
      "children": [
        {
          "children": [
            {
              "class": "Decal",
              "customProperties": [],
              "properties": {
                "decalAlpha": "1",
                "decalColor": "r:1.0 g:1.0 b:1.0 a:1.0",
                "decalImageType": "0",
                "decalOffset": "x:0 y:0 z:1.0",
                "decalSurface": "4",
                "decalTexture": "asset/Texture/Item/rotate-png-5-removebg-preview.png",
                "decalTiling": "x:0 y:0 z:1.0",
                "id": "8690201514253582337",
                "name": "Decal"
              }
            }
          ],
          "class": "Part",
          "customProperties": [],
          "properties": {
            "angleVelocity": "x:0 y:50 z:0",
            "batchType": "Static",
            "bloom": "false",
            "booleanOperation": "0",
            "btsKey": "688e92a5-9391-4fb3-987b-bbfea9b7b816",
            "cameraCollideEnable": "true",
            "collisionFidelity": "0",
            "collisionUniqueKey": "",
            "customThreshold": "1",
            "density": "2.2",
            "discardAlpha": "0.0",
            "friction": "0.37",
            "id": "8690200704456261633",
            "isLockedInEditor": "false",
            "isVisibleInEditor": "true",
            "lineVelocity": "x:0 y:0 z:0",
            "mass": "77.715001678467",
            "materialAlpha": "1.0",
            "materialColor": "r:0.33333333333333 g:0.67450980392157 b:0.49803921568627 a:1.0",
            "materialOffset": "x:1 y:1 z:1.0",
            "materialTexture": "part_suliao.tga",
            "name": "Part",
            "needSync": "true",
            "partNavMeshType": "1",
            "position": "x:-0.37207508087158 y:20 z:-20.614999771118",
            "restitution": "0.3",
            "rotation": "x:0 y:0 z:0",
            "scale": "x:15 y:0.2 z:15",
            "selectable": "true",
            "shape": "3",
            "staticBatchNo": "",
            "staticObject": "false",
            "useAnchor": "true",
            "useCollide": "true",
            "useGravity": "true",
            "useTextureAlpha": "false"
          }
        },
        {
          "children": [
            {
              "class": "Decal",
              "customProperties": [],
              "properties": {
                "decalAlpha": "1",
                "decalColor": "r:1.0 g:1.0 b:1.0 a:1.0",
                "decalImageType": "0",
                "decalOffset": "x:0 y:0 z:1.0",
                "decalSurface": "4",
                "decalTexture": "asset/Texture/Item/rotate-png-5-removebg-preview.png",
                "decalTiling": "x:0 y:0 z:1.0",
                "id": "8690201769683959809",
                "name": "Decal"
              }
            }
          ],
          "class": "Part",
          "customProperties": [],
          "properties": {
            "angleVelocity": "x:0 y:50 z:0",
            "batchType": "Static",
            "bloom": "false",
            "booleanOperation": "0",
            "btsKey": "846d5093-8e61-43e9-8f54-522b97d55e3e",
            "cameraCollideEnable": "true",
            "collisionFidelity": "0",
            "collisionUniqueKey": "",
            "customThreshold": "1",
            "density": "2.2",
            "discardAlpha": "0.0",
            "friction": "0.37",
            "id": "8690201769682649089",
            "isLockedInEditor": "false",
            "isVisibleInEditor": "true",
            "lineVelocity": "x:0 y:0 z:0",
            "mass": "77.715001678467",
            "materialAlpha": "1.0",
            "materialColor": "r:0.33333333333333 g:0.67450980392157 b:0.49803921568627 a:1.0",
            "materialOffset": "x:1 y:1 z:1.0",
            "materialTexture": "part_suliao.tga",
            "name": "Part",
            "needSync": "true",
            "partNavMeshType": "1",
            "position": "x:-0.37207508087158 y:20 z:-4.0370025634766",
            "restitution": "0.3",
            "rotation": "x:0 y:0 z:0",
            "scale": "x:15 y:0.2 z:15",
            "selectable": "true",
            "shape": "3",
            "staticBatchNo": "",
            "staticObject": "false",
            "useAnchor": "true",
            "useCollide": "true",
            "useGravity": "true",
            "useTextureAlpha": "false"
          }
        }
      ],
      "class": "Model",
      "customProperties": [],
      "properties": {
        "batchType": "Static",
        "id": "8690204886293200897",
        "name": "Zone3",
        "needSync": "true",
        "position": "x:-0.37207508087158 y:20 z:-12.007998466492",
        "rotation": "x:0 y:0 z:0",
        "selectable": "true"
      }
    },
    {
      "class": "RegionPart",
      "customProperties": [],
      "properties": {
        "batchType": "Static",
        "cfgName": "myplugin/3e580773-1677-462a-b7a5-43bc642ccf87",
        "id": "8690211695769436161",
        "name": "Kill",
        "needSync": "true",
        "position": "x:0 y:10 z:0",
        "rotation": "x:0 y:0 z:0",
        "scale": "x:50 y:1 z:200",
        "selectable": "true"
      }
    },
    {
      "class": "RegionPart",
      "customProperties": [],
      "properties": {
        "batchType": "Static",
        "cfgName": "myplugin/d89bd0d1-91b8-4100-a04a-6e11dc0f9a4c",
        "id": "8690214023276134401",
        "name": "Goal",
        "needSync": "true",
        "position": "x:0 y:22.60000038147 z:79.759002685547",
        "rotation": "x:0 y:0 z:0",
        "scale": "x:9 y:5 z:9",
        "selectable": "true"
      }
    },
    {
      "class": "Entity",
      "config": "myplugin/f6ea95c8-6f2f-491b-a310-8e2acaf93ba4",
      "customProperties": [],
      "properties": {
        "batchType": "Static",
        "id": "8690290520130420737",
        "name": "Level1",
        "needSync": "true",
        "position": "x:40.207458496094 y:1.1840020418167 z:-0.11966913938522",
        "rotation": "x:0 y:0 z:0",
        "scale": "x:1 y:1 z:1",
        "selectable": "true"
      }
    },
    {
      "children": [
        {
          "children": [
            {
              "class": "Decal",
              "customProperties": [],
              "properties": {
                "decalAlpha": "1",
                "decalColor": "r:1.0 g:1.0 b:1.0 a:1.0",
                "decalImageType": "0",
                "decalOffset": "x:0 y:0 z:1.0",
                "decalSurface": "0",
                "decalTexture": "",
                "decalTiling": "x:0 y:0 z:1.0",
                "id": "8690384380791783425",
                "name": "Decal"
              }
            }
          ],
          "class": "Part",
          "customProperties": [],
          "properties": {
            "angleVelocity": "x:0 y:0 z:0",
            "batchType": "Static",
            "bloom": "false",
            "booleanOperation": "0",
            "btsKey": "6240bc32-9daf-4699-80df-1bbcded44b2c",
            "cameraCollideEnable": "true",
            "collisionFidelity": "0",
            "collisionUniqueKey": "",
            "customThreshold": "1",
            "density": "2.2",
            "discardAlpha": "1",
            "friction": "0.37",
            "id": "8690384380791144449",
            "isLockedInEditor": "false",
            "isVisibleInEditor": "true",
            "lineVelocity": "x:0 y:0 z:0",
            "mass": "3.9600001573563",
            "materialAlpha": "1.0",
            "materialColor": "r:1.0 g:0.84705882352941 b:0.45882352941176 a:1.0",
            "materialOffset": "x:1 y:1 z:1.0",
            "materialTexture": "part_suliao.tga",
            "name": "Broken plate",
            "needSync": "true",
            "partNavMeshType": "1",
            "position": "x:-4.7310950890278e-07 y:20 z:21.961423873901",
            "restitution": "0.3",
            "rotation": "x:0 y:0 z:0",
            "scale": "x:3 y:0.2 z:3",
            "selectable": "true",
            "shape": "1",
            "staticBatchNo": "",
            "staticObject": "false",
            "useAnchor": "true",
            "useCollide": "true",
            "useGravity": "true",
            "useTextureAlpha": "false"
          }
        },
        {
          "children": [
            {
              "class": "Decal",
              "customProperties": [],
              "properties": {
                "decalAlpha": "1",
                "decalColor": "r:1.0 g:1.0 b:1.0 a:1.0",
                "decalImageType": "0",
                "decalOffset": "x:0 y:0 z:1.0",
                "decalSurface": "0",
                "decalTexture": "",
                "decalTiling": "x:0 y:0 z:1.0",
                "id": "8690384380800270337",
                "name": "Decal"
              }
            }
          ],
          "class": "Part",
          "customProperties": [],
          "properties": {
            "angleVelocity": "x:0 y:0 z:0",
            "batchType": "Static",
            "bloom": "false",
            "booleanOperation": "0",
            "btsKey": "698523e9-d60b-4ed9-838b-9294d684cd0b",
            "cameraCollideEnable": "true",
            "collisionFidelity": "0",
            "collisionUniqueKey": "",
            "customThreshold": "1",
            "density": "2.2",
            "discardAlpha": "1",
            "friction": "0.37",
            "id": "8690384380799598593",
            "isLockedInEditor": "false",
            "isVisibleInEditor": "true",
            "lineVelocity": "x:0 y:0 z:0",
            "mass": "3.9600001573563",
            "materialAlpha": "1.0",
            "materialColor": "r:1.0 g:0.84705882352941 b:0.45882352941176 a:1.0",
            "materialOffset": "x:1 y:1 z:1.0",
            "materialTexture": "part_suliao.tga",
            "name": "Broken plate",
            "needSync": "true",
            "partNavMeshType": "1",
            "position": "x:4.5029397010803 y:20 z:21.961423873901",
            "restitution": "0.3",
            "rotation": "x:0 y:0 z:0",
            "scale": "x:3 y:0.2 z:3",
            "selectable": "true",
            "shape": "1",
            "staticBatchNo": "",
            "staticObject": "false",
            "useAnchor": "true",
            "useCollide": "true",
            "useGravity": "true",
            "useTextureAlpha": "false"
          }
        },
        {
          "children": [
            {
              "class": "Decal",
              "customProperties": [],
              "properties": {
                "decalAlpha": "1",
                "decalColor": "r:1.0 g:1.0 b:1.0 a:1.0",
                "decalImageType": "0",
                "decalOffset": "x:0 y:0 z:1.0",
                "decalSurface": "0",
                "decalTexture": "",
                "decalTiling": "x:0 y:0 z:1.0",
                "id": "8690384380805496833",
                "name": "Decal"
              }
            }
          ],
          "class": "Part",
          "customProperties": [],
          "properties": {
            "angleVelocity": "x:0 y:0 z:0",
            "batchType": "Static",
            "bloom": "false",
            "booleanOperation": "0",
            "btsKey": "c80aab8a-1fef-4eac-a9fa-cba860e18dda",
            "cameraCollideEnable": "true",
            "collisionFidelity": "0",
            "collisionUniqueKey": "",
            "customThreshold": "1",
            "density": "2.2",
            "discardAlpha": "1",
            "friction": "0.37",
            "id": "8690384380804841473",
            "isLockedInEditor": "false",
            "isVisibleInEditor": "true",
            "lineVelocity": "x:0 y:0 z:0",
            "mass": "3.9600001573563",
            "materialAlpha": "1.0",
            "materialColor": "r:1.0 g:0.84705882352941 b:0.45882352941176 a:1.0",
            "materialOffset": "x:1 y:1 z:1.0",
            "materialTexture": "part_suliao.tga",
            "name": "Broken plate",
            "needSync": "true",
            "partNavMeshType": "1",
            "position": "x:-4.6239399909973 y:20 z:21.961423873901",
            "restitution": "0.3",
            "rotation": "x:0 y:0 z:0",
            "scale": "x:3 y:0.2 z:3",
            "selectable": "true",
            "shape": "1",
            "staticBatchNo": "",
            "staticObject": "false",
            "useAnchor": "true",
            "useCollide": "true",
            "useGravity": "true",
            "useTextureAlpha": "false"
          }
        },
        {
          "children": [
            {
              "class": "Decal",
              "customProperties": [],
              "properties": {
                "decalAlpha": "1",
                "decalColor": "r:1.0 g:1.0 b:1.0 a:1.0",
                "decalImageType": "0",
                "decalOffset": "x:0 y:0 z:1.0",
                "decalSurface": "0",
                "decalTexture": "",
                "decalTiling": "x:0 y:0 z:1.0",
                "id": "8690384380810706945",
                "name": "Decal"
              }
            }
          ],
          "class": "Part",
          "customProperties": [],
          "properties": {
            "angleVelocity": "x:0 y:0 z:0",
            "batchType": "Static",
            "bloom": "false",
            "booleanOperation": "0",
            "btsKey": "a0a2caa7-6102-449d-bf0e-d65ff45d46ab",
            "cameraCollideEnable": "true",
            "collisionFidelity": "0",
            "collisionUniqueKey": "",
            "customThreshold": "1",
            "density": "2.2",
            "discardAlpha": "1",
            "friction": "0.37",
            "id": "8690384380810100737",
            "isLockedInEditor": "false",
            "isVisibleInEditor": "true",
            "lineVelocity": "x:0 y:0 z:0",
            "mass": "3.9600001573563",
            "materialAlpha": "1.0",
            "materialColor": "r:1.0 g:0.84705882352941 b:0.45882352941176 a:1.0",
            "materialOffset": "x:1 y:1 z:1.0",
            "materialTexture": "part_suliao.tga",
            "name": "Broken plate",
            "needSync": "true",
            "partNavMeshType": "1",
            "position": "x:-4.7310950890278e-07 y:20 z:26.424411773682",
            "restitution": "0.3",
            "rotation": "x:0 y:0 z:0",
            "scale": "x:3 y:0.2 z:3",
            "selectable": "true",
            "shape": "1",
            "staticBatchNo": "",
            "staticObject": "false",
            "useAnchor": "true",
            "useCollide": "true",
            "useGravity": "true",
            "useTextureAlpha": "false"
          }
        },
        {
          "children": [
            {
              "class": "Decal",
              "customProperties": [],
              "properties": {
                "decalAlpha": "1",
                "decalColor": "r:1.0 g:1.0 b:1.0 a:1.0",
                "decalImageType": "0",
                "decalOffset": "x:0 y:0 z:1.0",
                "decalSurface": "0",
                "decalTexture": "",
                "decalTiling": "x:0 y:0 z:1.0",
                "id": "8690384380815867905",
                "name": "Decal"
              }
            }
          ],
          "class": "Part",
          "customProperties": [],
          "properties": {
            "angleVelocity": "x:0 y:0 z:0",
            "batchType": "Static",
            "bloom": "false",
            "booleanOperation": "0",
            "btsKey": "2f7b8663-ec47-4339-9a43-c322f7a1cdd8",
            "cameraCollideEnable": "true",
            "collisionFidelity": "0",
            "collisionUniqueKey": "",
            "customThreshold": "1",
            "density": "2.2",
            "discardAlpha": "1",
            "friction": "0.37",
            "id": "8690384380815278081",
            "isLockedInEditor": "false",
            "isVisibleInEditor": "true",
            "lineVelocity": "x:0 y:0 z:0",
            "mass": "3.9600001573563",
            "materialAlpha": "1.0",
            "materialColor": "r:1.0 g:0.84705882352941 b:0.45882352941176 a:1.0",
            "materialOffset": "x:1 y:1 z:1.0",
            "materialTexture": "part_suliao.tga",
            "name": "Broken plate",
            "needSync": "true",
            "partNavMeshType": "1",
            "position": "x:4.5029397010803 y:20 z:26.424411773682",
            "restitution": "0.3",
            "rotation": "x:0 y:0 z:0",
            "scale": "x:3 y:0.2 z:3",
            "selectable": "true",
            "shape": "1",
            "staticBatchNo": "",
            "staticObject": "false",
            "useAnchor": "true",
            "useCollide": "true",
            "useGravity": "true",
            "useTextureAlpha": "false"
          }
        },
        {
          "children": [
            {
              "class": "Decal",
              "customProperties": [],
              "properties": {
                "decalAlpha": "1",
                "decalColor": "r:1.0 g:1.0 b:1.0 a:1.0",
                "decalImageType": "0",
                "decalOffset": "x:0 y:0 z:1.0",
                "decalSurface": "0",
                "decalTexture": "",
                "decalTiling": "x:0 y:0 z:1.0",
                "id": "8690384380820963329",
                "name": "Decal"
              }
            }
          ],
          "class": "Part",
          "customProperties": [],
          "properties": {
            "angleVelocity": "x:0 y:0 z:0",
            "batchType": "Static",
            "bloom": "false",
            "booleanOperation": "0",
            "btsKey": "57ce6454-f1ed-44dc-9c37-5caefb343e24",
            "cameraCollideEnable": "true",
            "collisionFidelity": "0",
            "collisionUniqueKey": "",
            "customThreshold": "1",
            "density": "2.2",
            "discardAlpha": "1",
            "friction": "0.37",
            "id": "8690384380820357121",
            "isLockedInEditor": "false",
            "isVisibleInEditor": "true",
            "lineVelocity": "x:0 y:0 z:0",
            "mass": "3.9600001573563",
            "materialAlpha": "1.0",
            "materialColor": "r:1.0 g:0.84705882352941 b:0.45882352941176 a:1.0",
            "materialOffset": "x:1 y:1 z:1.0",
            "materialTexture": "part_suliao.tga",
            "name": "Broken plate",
            "needSync": "true",
            "partNavMeshType": "1",
            "position": "x:-4.6239399909973 y:20 z:26.424411773682",
            "restitution": "0.3",
            "rotation": "x:0 y:0 z:0",
            "scale": "x:3 y:0.2 z:3",
            "selectable": "true",
            "shape": "1",
            "staticBatchNo": "",
            "staticObject": "false",
            "useAnchor": "true",
            "useCollide": "true",
            "useGravity": "true",
            "useTextureAlpha": "false"
          }
        }
      ],
      "class": "Model",
      "customProperties": [],
      "properties": {
        "batchType": "Static",
        "id": "8690384380789587969",
        "name": "Zone4",
        "needSync": "true",
        "position": "x:-0.060500144958496 y:20 z:24.192918777466",
        "rotation": "x:0 y:0 z:0",
        "selectable": "true"
      }
    },
    {
      "children": [
        {
          "class": "Decal",
          "customProperties": [],
          "properties": {
            "decalAlpha": "1",
            "decalColor": "r:1.0 g:1.0 b:1.0 a:1.0",
            "decalImageType": "0",
            "decalOffset": "x:0 y:0 z:1.0",
            "decalSurface": "4",
            "decalTexture": "asset/Texture/Item/dw.png",
            "decalTiling": "x:0 y:0 z:1.0",
            "id": "8690384664823185409",
            "name": "Decal"
          }
        }
      ],
      "class": "Part",
      "customProperties": [],
      "properties": {
        "angleVelocity": "x:0 y:0 z:0",
        "batchType": "Static",
        "bloom": "false",
        "booleanOperation": "0",
        "btsKey": "bd35bdd0-2706-425f-b7f9-e2a6e00e2539",
        "cameraCollideEnable": "true",
        "collisionFidelity": "0",
        "collisionUniqueKey": "",
        "customThreshold": "1",
        "density": "2.2",
        "discardAlpha": "0.0",
        "friction": "0.37",
        "id": "8690384664822398977",
        "isLockedInEditor": "false",
        "isVisibleInEditor": "true",
        "lineVelocity": "x:0 y:0 z:0",
        "mass": "11.0",
        "materialAlpha": "1.0",
        "materialColor": "r:1.0 g:1.0 b:1.0 a:1.0",
        "materialOffset": "x:1 y:1 z:1.0",
        "materialTexture": "part_suliao.tga",
        "name": "CheckPoint",
        "needSync": "true",
        "partNavMeshType": "1",
        "position": "x:0 y:20.185995101929 z:-32.143260955811",
        "restitution": "0.3",
        "rotation": "x:0 y:0 z:0",
        "scale": "x:5 y:0.2 z:5",
        "selectable": "true",
        "shape": "1",
        "staticBatchNo": "",
        "staticObject": "false",
        "useAnchor": "true",
        "useCollide": "true",
        "useGravity": "true",
        "useTextureAlpha": "false"
      }
    },
    {
      "children": [
        {
          "class": "Decal",
          "customProperties": [],
          "properties": {
            "decalAlpha": "1",
            "decalColor": "r:1.0 g:1.0 b:1.0 a:1.0",
            "decalImageType": "0",
            "decalOffset": "x:0 y:0 z:1.0",
            "decalSurface": "4",
            "decalTexture": "asset/Texture/Item/dw.png",
            "decalTiling": "x:0 y:0 z:1.0",
            "id": "8690386239637372929",
            "name": "Decal"
          }
        }
      ],
      "class": "Part",
      "customProperties": [],
      "properties": {
        "angleVelocity": "x:0 y:0 z:0",
        "batchType": "Static",
        "bloom": "false",
        "booleanOperation": "0",
        "btsKey": "1cd30ee1-30bd-4afe-aa15-f83186d9afc3",
        "cameraCollideEnable": "true",
        "collisionFidelity": "0",
        "collisionUniqueKey": "",
        "customThreshold": "1",
        "density": "2.2",
        "discardAlpha": "0.0",
        "friction": "0.37",
        "id": "8690386239636324353",
        "isLockedInEditor": "false",
        "isVisibleInEditor": "true",
        "lineVelocity": "x:0 y:0 z:0",
        "mass": "11.0",
        "materialAlpha": "1.0",
        "materialColor": "r:1.0 g:1.0 b:1.0 a:1.0",
        "materialOffset": "x:1 y:1 z:1.0",
        "materialTexture": "part_suliao.tga",
        "name": "CheckPoint",
        "needSync": "true",
        "partNavMeshType": "1",
        "position": "x:0 y:20.185995101929 z:16.223733901978",
        "restitution": "0.3",
        "rotation": "x:0 y:0 z:0",
        "scale": "x:5 y:0.2 z:5",
        "selectable": "true",
        "shape": "1",
        "staticBatchNo": "",
        "staticObject": "false",
        "useAnchor": "true",
        "useCollide": "true",
        "useGravity": "true",
        "useTextureAlpha": "false"
      }
    },
    {
      "children": [
        {
          "children": [
            {
              "class": "Decal",
              "customProperties": [],
              "properties": {
                "decalAlpha": "1",
                "decalColor": "r:1.0 g:1.0 b:1.0 a:1.0",
                "decalImageType": "0",
                "decalOffset": "x:0 y:0 z:1.0",
                "decalSurface": "4",
                "decalTexture": "asset/Texture/Item/qianjin.png",
                "decalTiling": "x:0 y:0 z:1.0",
                "id": "8690390258980618241",
                "name": "Decal"
              }
            }
          ],
          "class": "Part",
          "customProperties": [],
          "properties": {
            "angleVelocity": "x:0 y:0 z:0",
            "batchType": "Static",
            "bloom": "false",
            "booleanOperation": "0",
            "btsKey": "92382604-9137-4de4-80fd-0e06b062cd75",
            "cameraCollideEnable": "true",
            "collisionFidelity": "0",
            "collisionUniqueKey": "",
            "customThreshold": "1",
            "density": "2.2",
            "discardAlpha": "0.0",
            "friction": "0.37",
            "id": "8690386932381941761",
            "isLockedInEditor": "false",
            "isVisibleInEditor": "true",
            "lineVelocity": "x:-3 y:0 z:0",
            "mass": "8.7998237609863",
            "materialAlpha": "1.0",
            "materialColor": "r:1.0 g:0.67450980392157 b:1.0 a:1.0",
            "materialOffset": "x:1 y:1 z:1.0",
            "materialTexture": "part_suliao.tga",
            "name": "Part",
            "needSync": "true",
            "partNavMeshType": "1",
            "position": "x:0 y:20 z:63.879009246826",
            "restitution": "0.3",
            "rotation": "x:0 y:0 z:0",
            "scale": "x:10 y:0.199996 z:2",
            "selectable": "true",
            "shape": "1",
            "staticBatchNo": "",
            "staticObject": "false",
            "useAnchor": "true",
            "useCollide": "true",
            "useGravity": "true",
            "useTextureAlpha": "false"
          }
        },
        {
          "children": [
            {
              "class": "Decal",
              "customProperties": [],
              "properties": {
                "decalAlpha": "1",
                "decalColor": "r:1.0 g:1.0 b:1.0 a:1.0",
                "decalImageType": "0",
                "decalOffset": "x:0 y:0 z:1.0",
                "decalSurface": "4",
                "decalTexture": "asset/Texture/Item/qianjin.png",
                "decalTiling": "x:0 y:0 z:1.0",
                "id": "8690390492674146305",
                "name": "Decal"
              }
            }
          ],
          "class": "Part",
          "customProperties": [],
          "properties": {
            "angleVelocity": "x:0 y:0 z:0",
            "batchType": "Static",
            "bloom": "false",
            "booleanOperation": "0",
            "btsKey": "d9c24cc9-5a36-4fbd-ad69-545052f9a928",
            "cameraCollideEnable": "true",
            "collisionFidelity": "0",
            "collisionUniqueKey": "",
            "customThreshold": "1",
            "density": "2.2",
            "discardAlpha": "0.0",
            "friction": "0.37",
            "id": "8690386932384628737",
            "isLockedInEditor": "false",
            "isVisibleInEditor": "true",
            "lineVelocity": "x:3 y:0 z:0",
            "mass": "8.7998237609863",
            "materialAlpha": "1.0",
            "materialColor": "r:1.0 g:0.67450980392157 b:1.0 a:1.0",
            "materialOffset": "x:1 y:1 z:1.0",
            "materialTexture": "part_suliao.tga",
            "name": "Part",
            "needSync": "true",
            "partNavMeshType": "1",
            "position": "x:0 y:20 z:67.879028320312",
            "restitution": "0.3",
            "rotation": "x:0 y:180 z:0",
            "scale": "x:10 y:0.199996 z:2",
            "selectable": "true",
            "shape": "1",
            "staticBatchNo": "",
            "staticObject": "false",
            "useAnchor": "true",
            "useCollide": "true",
            "useGravity": "true",
            "useTextureAlpha": "false"
          }
        },
        {
          "children": [
            {
              "class": "Decal",
              "customProperties": [],
              "properties": {
                "decalAlpha": "1",
                "decalColor": "r:1.0 g:1.0 b:1.0 a:1.0",
                "decalImageType": "0",
                "decalOffset": "x:0 y:0 z:1.0",
                "decalSurface": "4",
                "decalTexture": "asset/Texture/Item/qianjin.png",
                "decalTiling": "x:0 y:0 z:1.0",
                "id": "8690390601151987713",
                "name": "Decal"
              }
            }
          ],
          "class": "Part",
          "customProperties": [],
          "properties": {
            "angleVelocity": "x:0 y:0 z:0",
            "batchType": "Static",
            "bloom": "false",
            "booleanOperation": "0",
            "btsKey": "8d897657-d639-44e8-9fec-dd0c144c5599",
            "cameraCollideEnable": "true",
            "collisionFidelity": "0",
            "collisionUniqueKey": "",
            "customThreshold": "1",
            "density": "2.2",
            "discardAlpha": "0.0",
            "friction": "0.37",
            "id": "8690386932387053569",
            "isLockedInEditor": "false",
            "isVisibleInEditor": "true",
            "lineVelocity": "x:-3 y:0 z:0",
            "mass": "8.7998237609863",
            "materialAlpha": "1.0",
            "materialColor": "r:1.0 g:0.67450980392157 b:1.0 a:1.0",
            "materialOffset": "x:1 y:1 z:1.0",
            "materialTexture": "part_suliao.tga",
            "name": "Part",
            "needSync": "true",
            "partNavMeshType": "1",
            "position": "x:0 y:20 z:71.879028320312",
            "restitution": "0.3",
            "rotation": "x:0 y:0 z:0",
            "scale": "x:10 y:0.199996 z:2",
            "selectable": "true",
            "shape": "1",
            "staticBatchNo": "",
            "staticObject": "false",
            "useAnchor": "true",
            "useCollide": "true",
            "useGravity": "true",
            "useTextureAlpha": "false"
          }
        }
      ],
      "class": "Model",
      "customProperties": [],
      "properties": {
        "batchType": "Static",
        "id": "8690386932380975105",
        "name": "Zone5",
        "needSync": "true",
        "position": "x:0 y:20 z:67.035011291504",
        "rotation": "x:0 y:0 z:0",
        "selectable": "true"
      }
    },
    {
      "children": [
        {
          "class": "Decal",
          "customProperties": [],
          "properties": {
            "decalAlpha": "1",
            "decalColor": "r:1.0 g:1.0 b:1.0 a:1.0",
            "decalImageType": "0",
            "decalOffset": "x:0 y:0 z:1.0",
            "decalSurface": "4",
            "decalTexture": "asset/Texture/Item/penhuo.png",
            "decalTiling": "x:0 y:0 z:1.0",
            "id": "8690388167223525377",
            "name": "Decal"
          }
        }
      ],
      "class": "Part",
      "customProperties": [],
      "properties": {
        "angleVelocity": "x:0 y:0 z:0",
        "batchType": "Static",
        "bloom": "false",
        "booleanOperation": "0",
        "btsKey": "6982322d-0bdf-4983-8930-86771850cb34",
        "cameraCollideEnable": "true",
        "collisionFidelity": "0",
        "collisionUniqueKey": "",
        "customThreshold": "1",
        "density": "2.2",
        "discardAlpha": "0.0",
        "friction": "0.37",
        "id": "8690388167222706177",
        "isLockedInEditor": "false",
        "isVisibleInEditor": "true",
        "lineVelocity": "x:0 y:0 z:2",
        "mass": "140.8",
        "materialAlpha": "1.0",
        "materialColor": "r:1.0 g:1.0 b:1.0 a:1.0",
        "materialOffset": "x:1 y:1 z:1.0",
        "materialTexture": "part_suliao.tga",
        "name": "Zone2",
        "needSync": "true",
        "partNavMeshType": "1",
        "position": "x:3.2021653169068e-05 y:20 z:45.855972290039",
        "restitution": "0.3",
        "rotation": "x:0 y:90 z:0",
        "scale": "x:32 y:0.2 z:10",
        "selectable": "true",
        "shape": "1",
        "staticBatchNo": "",
        "staticObject": "false",
        "useAnchor": "true",
        "useCollide": "true",
        "useGravity": "true",
        "useTextureAlpha": "false"
      }
    }
  ],
  "skyBox": [
    {
      "texture": [
        "@asset/Texture/SkyBox/Common2/Sky03_right.png",
        "@asset/Texture/SkyBox/Common2/Sky03_left.png",
        "@asset/Texture/SkyBox/Common2/Sky03_top.png",
        "@asset/Texture/SkyBox/Common2/Sky03_bottom.png",
        "@asset/Texture/SkyBox/Common2/Sky03_back.png",
        "@asset/Texture/SkyBox/Common2/Sky03_front.png"
      ]
    }
  ],
  "skyBoxMode": "static_display",
  "skyBoxRotate": {
    "x": 0,
    "y": 0,
    "z": 0
  },
  "skyBoxTexPixFmt": "RGBA8",
  "skyBoxTexSize": 512,
  "touchPosY": {
    "touchdownPosY": -30.0,
    "touchupPosY": 720.0
  }
}