{
  "blinn": 0,
  "canBreak": true,
  "hdr": 0,
  "hideCloud": true,
  "moveDownGravity": 0.15,
  "scene": [
    {
      "class": "VoxelTerrain",
      "customProperties": [],
      "properties": {
        "id": "8681859552414793729",
        "name": "VoxelTerrain",
        "uniqueKey": ""
      }
    },
    {
      "class": "Light",
      "customProperties": [],
      "properties": {
        "batchType": "Static",
        "id": "8681859552483377153",
        "ID": "4",
        "lightActived": "true",
        "lightAngle": "30.0",
        "lightBrightness": "1.0",
        "lightColor": "r:1.0 g:1.0 b:1.0 a:1.0",
        "lightLength": "1.0",
        "lightRange": "8.0",
        "lightType": "GlobalLight",
        "lightWidth": "1.0",
        "name": "EnvironmentLight",
        "needSync": "true",
        "position": "x:0 y:0 z:0",
        "rotation": "x:0 y:0 z:0",
        "scale": "x:1 y:1 z:1",
        "selectable": "true",
        "shadowsDistance": "20.0",
        "shadowsIntensity": "1.0",
        "shadowsOffset": "0.02",
        "shadowsPresicion": "1024",
        "shadowsType": "null",
        "skyColor": "r:0.49803921568627 g:0.52156862745098 b:0.56078431372549 a:1.0",
        "skyLineColor": "r:0.24313725490196 g:0.24313725490196 b:0.2078431372549 a:1.0"
      }
    },
    {
      "children": [
        {
          "class": "Decal",
          "customProperties": [],
          "properties": {
            "decalAlpha": "1",
            "decalColor": "r:1.0 g:1.0 b:1.0 a:1.0",
            "decalImageType": "0",
            "decalOffset": "x:0 y:0 z:1.0",
            "decalSurface": "4",
            "decalTexture": "asset/Texture/Item/01.png",
            "decalTiling": "x:0 y:0 z:1.0",
            "id": "8683001370660012033",
            "name": "Decal"
          }
        }
      ],
      "class": "Part",
      "customProperties": [],
      "properties": {
        "angleVelocity": "x:0 y:0 z:0",
        "batchType": "Static",
        "bloom": "false",
        "booleanOperation": "0",
        "btsKey": "f6611670-e515-4e9d-9158-16ced680ac0d",
        "cameraCollideEnable": "true",
        "collisionFidelity": "0",
        "collisionUniqueKey": "",
        "customThreshold": "1",
        "density": "2.2",
        "discardAlpha": "0.0",
        "friction": "0.37",
        "id": "8682998828200722433",
        "isLockedInEditor": "true",
        "isVisibleInEditor": "true",
        "lineVelocity": "x:0 y:0 z:0",
        "mass": "0",
        "materialAlpha": "1.0",
        "materialColor": "r:1.0 g:1.0 b:1.0 a:1.0",
        "materialOffset": "x:1 y:1 z:1.0",
        "materialTexture": "part_suliao.tga",
        "name": "center",
        "needSync": "true",
        "partNavMeshType": "1",
        "position": "x:0 y:1.4998993873596 z:0",
        "restitution": "0.3",
        "rotation": "x:0 y:0 z:0",
        "scale": "x:50 y:0.2 z:50",
        "selectable": "true",
        "shape": "1",
        "staticBatchNo": "",
        "staticObject": "false",
        "useAnchor": "true",
        "useCollide": "true",
        "useGravity": "true",
        "useTextureAlpha": "false"
      }
    },
    {
      "class": "Part",
      "customProperties": [],
      "properties": {
        "angleVelocity": "x:0 y:0 z:0",
        "batchType": "Static",
        "bloom": "false",
        "booleanOperation": "0",
        "btsKey": "d314b8f6-6c38-4440-81a1-43776ffe91ab",
        "cameraCollideEnable": "true",
        "collisionFidelity": "0",
        "collisionUniqueKey": "",
        "customThreshold": "1",
        "density": "2.2",
        "discardAlpha": "0.0",
        "friction": "0.37",
        "id": "8682996511758581761",
        "isLockedInEditor": "false",
        "isVisibleInEditor": "true",
        "lineVelocity": "x:0 y:0 z:0",
        "mass": "0",
        "materialAlpha": "1.0",
        "materialColor": "r:1.0 g:0.68235294117647 b:1.0 a:1.0",
        "materialOffset": "x:1 y:1 z:1.0",
        "materialTexture": "part_suliao.tga",
        "name": "Part",
        "needSync": "true",
        "partNavMeshType": "1",
        "position": "x:13.455001831055 y:2.2000000476837 z:-15.277997016907",
        "restitution": "0.3",
        "rotation": "x:0 y:0 z:0",
        "scale": "x:1 y:1 z:1",
        "selectable": "true",
        "shape": "1",
        "staticBatchNo": "",
        "staticObject": "false",
        "useAnchor": "true",
        "useCollide": "true",
        "useGravity": "true",
        "useTextureAlpha": "false"
      }
    },
    {
      "class": "Part",
      "customProperties": [],
      "properties": {
        "angleVelocity": "x:0 y:0 z:0",
        "batchType": "Static",
        "bloom": "false",
        "booleanOperation": "0",
        "btsKey": "7f79a517-b609-45f7-b873-2ae799ebfb60",
        "cameraCollideEnable": "true",
        "collisionFidelity": "0",
        "collisionUniqueKey": "",
        "customThreshold": "1",
        "density": "2.2",
        "discardAlpha": "0.0",
        "friction": "0.37",
        "id": "8682999445158199297",
        "isLockedInEditor": "false",
        "isVisibleInEditor": "true",
        "lineVelocity": "x:0 y:0 z:0",
        "mass": "0",
        "materialAlpha": "1.0",
        "materialColor": "r:0.68235294117647 g:1.0 b:1.0 a:1.0",
        "materialOffset": "x:1 y:1 z:1.0",
        "materialTexture": "part_suliao.tga",
        "name": "Part",
        "needSync": "true",
        "partNavMeshType": "1",
        "position": "x:13.455001831055 y:2.7000000476837 z:-13.277997016907",
        "restitution": "0.3",
        "rotation": "x:0 y:0 z:0",
        "scale": "x:1 y:2 z:1",
        "selectable": "true",
        "shape": "1",
        "staticBatchNo": "",
        "staticObject": "false",
        "useAnchor": "true",
        "useCollide": "true",
        "useGravity": "true",
        "useTextureAlpha": "false"
      }
    },
    {
      "class": "Part",
      "customProperties": [],
      "properties": {
        "angleVelocity": "x:0 y:0 z:0",
        "batchType": "Static",
        "bloom": "false",
        "booleanOperation": "0",
        "btsKey": "427c8694-c43b-4e8c-a346-22fec9f332f2",
        "cameraCollideEnable": "true",
        "collisionFidelity": "0",
        "collisionUniqueKey": "",
        "customThreshold": "1",
        "density": "2.2",
        "discardAlpha": "0.0",
        "friction": "0.37",
        "id": "8683005035035443201",
        "isLockedInEditor": "false",
        "isVisibleInEditor": "true",
        "lineVelocity": "x:0 y:0 z:0",
        "mass": "0",
        "materialAlpha": "1.0",
        "materialColor": "r:0.33333333333333 g:0.68235294117647 b:1.0 a:1.0",
        "materialOffset": "x:1 y:1 z:1.0",
        "materialTexture": "part_suliao.tga",
        "name": "Part",
        "needSync": "true",
        "partNavMeshType": "1",
        "position": "x:13.455001831055 y:3.2000000476837 z:-11.077998161316",
        "restitution": "0.3",
        "rotation": "x:0 y:0 z:0",
        "scale": "x:1 y:3 z:1",
        "selectable": "true",
        "shape": "1",
        "staticBatchNo": "",
        "staticObject": "false",
        "useAnchor": "true",
        "useCollide": "true",
        "useGravity": "true",
        "useTextureAlpha": "false"
      }
    },
    {
      "class": "Part",
      "customProperties": [],
      "properties": {
        "angleVelocity": "x:0 y:0 z:0",
        "batchType": "Static",
        "bloom": "false",
        "booleanOperation": "0",
        "btsKey": "fd6e3d24-294e-431a-805b-ad72805a5c43",
        "cameraCollideEnable": "true",
        "collisionFidelity": "0",
        "collisionUniqueKey": "",
        "customThreshold": "1",
        "density": "2.2",
        "discardAlpha": "0.0",
        "friction": "0.37",
        "id": "8683005951336333313",
        "isLockedInEditor": "false",
        "isVisibleInEditor": "true",
        "lineVelocity": "x:0 y:0 z:0",
        "mass": "0",
        "materialAlpha": "1.0",
        "materialColor": "r:0.41960784313725 g:1.0 b:0.72941176470588 a:1.0",
        "materialOffset": "x:1 y:1 z:1.0",
        "materialTexture": "part_suliao.tga",
        "name": "Part",
        "needSync": "true",
        "partNavMeshType": "1",
        "position": "x:13.455001831055 y:3.7000000476837 z:-8.8779993057251",
        "restitution": "0.3",
        "rotation": "x:0 y:0 z:0",
        "scale": "x:1 y:4 z:1",
        "selectable": "true",
        "shape": "1",
        "staticBatchNo": "",
        "staticObject": "false",
        "useAnchor": "true",
        "useCollide": "true",
        "useGravity": "true",
        "useTextureAlpha": "false"
      }
    },
    {
      "class": "Part",
      "customProperties": [],
      "properties": {
        "angleVelocity": "x:0 y:0 z:0",
        "batchType": "Static",
        "bloom": "false",
        "booleanOperation": "0",
        "btsKey": "409ad595-5268-41f9-a6c0-40697b75301d",
        "cameraCollideEnable": "true",
        "collisionFidelity": "0",
        "collisionUniqueKey": "",
        "customThreshold": "1",
        "density": "2.2",
        "discardAlpha": "0.0",
        "friction": "0.37",
        "id": "8683006979832610817",
        "isLockedInEditor": "false",
        "isVisibleInEditor": "true",
        "lineVelocity": "x:0 y:0 z:0",
        "mass": "0",
        "materialAlpha": "1.0",
        "materialColor": "r:1.0 g:1.0 b:0.49803921568627 a:1.0",
        "materialOffset": "x:1 y:1 z:1.0",
        "materialTexture": "part_suliao.tga",
        "name": "Part",
        "needSync": "true",
        "partNavMeshType": "1",
        "position": "x:13.455001831055 y:4.1999998092651 z:-6.6779999732971",
        "restitution": "0.3",
        "rotation": "x:0 y:0 z:0",
        "scale": "x:1 y:5 z:1",
        "selectable": "true",
        "shape": "1",
        "staticBatchNo": "",
        "staticObject": "false",
        "useAnchor": "true",
        "useCollide": "true",
        "useGravity": "true",
        "useTextureAlpha": "false"
      }
    },
    {
      "class": "Part",
      "customProperties": [],
      "properties": {
        "angleVelocity": "x:0 y:0 z:0",
        "batchType": "Static",
        "bloom": "false",
        "booleanOperation": "0",
        "btsKey": "91258281-5098-4673-ae54-c20eac1861e6",
        "cameraCollideEnable": "true",
        "collisionFidelity": "0",
        "collisionUniqueKey": "",
        "customThreshold": "1",
        "density": "2.2",
        "discardAlpha": "0.0",
        "friction": "0.37",
        "id": "8683007492792991745",
        "isLockedInEditor": "false",
        "isVisibleInEditor": "true",
        "lineVelocity": "x:0 y:0 z:0",
        "mass": "0",
        "materialAlpha": "1.0",
        "materialColor": "r:1.0 g:0.6 b:0.29803921568627 a:1.0",
        "materialOffset": "x:1 y:1 z:1.0",
        "materialTexture": "part_suliao.tga",
        "name": "Part",
        "needSync": "true",
        "partNavMeshType": "1",
        "position": "x:13.455001831055 y:4.6999998092651 z:-4.3780007362366",
        "restitution": "0.3",
        "rotation": "x:0 y:0 z:0",
        "scale": "x:1 y:6 z:1",
        "selectable": "true",
        "shape": "1",
        "staticBatchNo": "",
        "staticObject": "false",
        "useAnchor": "true",
        "useCollide": "true",
        "useGravity": "true",
        "useTextureAlpha": "false"
      }
    },
    {
      "class": "Part",
      "customProperties": [],
      "properties": {
        "angleVelocity": "x:0 y:0 z:0",
        "batchType": "Static",
        "bloom": "false",
        "booleanOperation": "0",
        "btsKey": "a7a02f88-8d62-40d0-bcb6-f017d9497a1e",
        "cameraCollideEnable": "true",
        "collisionFidelity": "0",
        "collisionUniqueKey": "",
        "customThreshold": "1",
        "density": "2.2",
        "discardAlpha": "0.0",
        "friction": "0.37",
        "id": "8683007927761747969",
        "isLockedInEditor": "false",
        "isVisibleInEditor": "true",
        "lineVelocity": "x:0 y:0 z:0",
        "mass": "0",
        "materialAlpha": "1.0",
        "materialColor": "r:1.0 g:0.36078431372549 b:0.36078431372549 a:1.0",
        "materialOffset": "x:1 y:1 z:1.0",
        "materialTexture": "part_suliao.tga",
        "name": "Part",
        "needSync": "true",
        "partNavMeshType": "1",
        "position": "x:13.455001831055 y:5.1999998092651 z:-1.4780005216599",
        "restitution": "0.3",
        "rotation": "x:0 y:0 z:0",
        "scale": "x:1 y:7 z:1",
        "selectable": "true",
        "shape": "1",
        "staticBatchNo": "",
        "staticObject": "false",
        "useAnchor": "true",
        "useCollide": "true",
        "useGravity": "true",
        "useTextureAlpha": "false"
      }
    },
    {
      "class": "Part",
      "customProperties": [],
      "properties": {
        "angleVelocity": "x:0 y:0 z:0",
        "batchType": "Static",
        "bloom": "false",
        "booleanOperation": "0",
        "btsKey": "9ab70ffb-aa64-4091-b54a-a313de617386",
        "cameraCollideEnable": "true",
        "collisionFidelity": "0",
        "collisionUniqueKey": "",
        "customThreshold": "1",
        "density": "2.2",
        "discardAlpha": "0.0",
        "friction": "0.37",
        "id": "8683020625314398209",
        "isLockedInEditor": "false",
        "isVisibleInEditor": "true",
        "lineVelocity": "x:0 y:0 z:0",
        "mass": "0",
        "materialAlpha": "1.0",
        "materialColor": "r:1.0 g:0.44313725490196 b:0.56470588235294 a:1.0",
        "materialOffset": "x:1 y:1 z:1.0",
        "materialTexture": "part_suliao.tga",
        "name": "Part",
        "needSync": "true",
        "partNavMeshType": "1",
        "position": "x:13.455001831055 y:10 z:1.2690004110336",
        "restitution": "0.3",
        "rotation": "x:0 y:0 z:0",
        "scale": "x:2 y:0.2 z:2",
        "selectable": "true",
        "shape": "1",
        "staticBatchNo": "",
        "staticObject": "false",
        "useAnchor": "true",
        "useCollide": "true",
        "useGravity": "true",
        "useTextureAlpha": "false"
      }
    },
    {
      "class": "Part",
      "customProperties": [],
      "properties": {
        "angleVelocity": "x:0 y:0 z:0",
        "batchType": "Static",
        "bloom": "false",
        "booleanOperation": "0",
        "btsKey": "12a580bc-c543-49ea-8a8e-54ef9f9eb4ed",
        "cameraCollideEnable": "true",
        "collisionFidelity": "0",
        "collisionUniqueKey": "",
        "customThreshold": "1",
        "density": "2.2",
        "discardAlpha": "0.0",
        "friction": "0.37",
        "id": "8683021906350620673",
        "isLockedInEditor": "false",
        "isVisibleInEditor": "true",
        "lineVelocity": "x:0 y:0 z:0",
        "mass": "0",
        "materialAlpha": "1.0",
        "materialColor": "r:1.0 g:0.44313725490196 b:0.56470588235294 a:1.0",
        "materialOffset": "x:1 y:1 z:1.0",
        "materialTexture": "part_suliao.tga",
        "name": "Part",
        "needSync": "true",
        "partNavMeshType": "1",
        "position": "x:13.455001831055 y:10 z:5.215000629425",
        "restitution": "0.3",
        "rotation": "x:0 y:0 z:0",
        "scale": "x:2 y:0.2 z:2",
        "selectable": "true",
        "shape": "1",
        "staticBatchNo": "",
        "staticObject": "false",
        "useAnchor": "true",
        "useCollide": "true",
        "useGravity": "true",
        "useTextureAlpha": "false"
      }
    },
    {
      "class": "Part",
      "customProperties": [],
      "properties": {
        "angleVelocity": "x:0 y:0 z:0",
        "batchType": "Static",
        "bloom": "false",
        "booleanOperation": "0",
        "btsKey": "2c56b0a9-3bb8-44b9-8015-17a6cc2098c2",
        "cameraCollideEnable": "true",
        "collisionFidelity": "0",
        "collisionUniqueKey": "",
        "customThreshold": "1",
        "density": "2.2",
        "discardAlpha": "0.0",
        "friction": "0.37",
        "id": "8683022024023015425",
        "isLockedInEditor": "false",
        "isVisibleInEditor": "true",
        "lineVelocity": "x:0 y:0 z:0",
        "mass": "0",
        "materialAlpha": "1.0",
        "materialColor": "r:1.0 g:0.44313725490196 b:0.56470588235294 a:1.0",
        "materialOffset": "x:1 y:1 z:1.0",
        "materialTexture": "part_suliao.tga",
        "name": "Part",
        "needSync": "true",
        "partNavMeshType": "1",
        "position": "x:13.455001831055 y:10 z:9.1220045089722",
        "restitution": "0.3",
        "rotation": "x:0 y:0 z:0",
        "scale": "x:2 y:0.2 z:2",
        "selectable": "true",
        "shape": "1",
        "staticBatchNo": "",
        "staticObject": "false",
        "useAnchor": "true",
        "useCollide": "true",
        "useGravity": "true",
        "useTextureAlpha": "false"
      }
    },
    {
      "class": "Part",
      "customProperties": [],
      "properties": {
        "angleVelocity": "x:0 y:0 z:0",
        "batchType": "Static",
        "bloom": "false",
        "booleanOperation": "0",
        "btsKey": "5777e34c-9549-4253-a462-5c1a96239410",
        "cameraCollideEnable": "true",
        "collisionFidelity": "0",
        "collisionUniqueKey": "",
        "customThreshold": "1",
        "density": "2.2",
        "discardAlpha": "0.0",
        "friction": "0.37",
        "id": "8683022139350892545",
        "isLockedInEditor": "false",
        "isVisibleInEditor": "true",
        "lineVelocity": "x:0 y:0 z:0",
        "mass": "0",
        "materialAlpha": "1.0",
        "materialColor": "r:1.0 g:0.44313725490196 b:0.56470588235294 a:1.0",
        "materialOffset": "x:1 y:1 z:1.0",
        "materialTexture": "part_suliao.tga",
        "name": "Part",
        "needSync": "true",
        "partNavMeshType": "1",
        "position": "x:13.455001831055 y:10 z:12.851992607117",
        "restitution": "0.3",
        "rotation": "x:0 y:0 z:0",
        "scale": "x:2 y:0.2 z:2",
        "selectable": "true",
        "shape": "1",
        "staticBatchNo": "",
        "staticObject": "false",
        "useAnchor": "true",
        "useCollide": "true",
        "useGravity": "true",
        "useTextureAlpha": "false"
      }
    },
    {
      "class": "Part",
      "customProperties": [],
      "properties": {
        "angleVelocity": "x:0 y:50 z:0",
        "batchType": "Static",
        "bloom": "false",
        "booleanOperation": "0",
        "btsKey": "6032d385-f57e-4074-b63a-2108c4e7422f",
        "cameraCollideEnable": "true",
        "collisionFidelity": "0",
        "collisionUniqueKey": "",
        "customThreshold": "1",
        "density": "2.2",
        "discardAlpha": "0.0",
        "friction": "0.37",
        "id": "8683023044436131841",
        "isLockedInEditor": "false",
        "isVisibleInEditor": "true",
        "lineVelocity": "x:0 y:0 z:0",
        "mass": "0",
        "materialAlpha": "1.0",
        "materialColor": "r:0.2 g:1.0 b:0.64313725490196 a:1.0",
        "materialOffset": "x:1 y:1 z:1.0",
        "materialTexture": "part_suliao.tga",
        "name": "Part",
        "needSync": "true",
        "partNavMeshType": "1",
        "position": "x:9.4736099243164 y:10.362900733948 z:15.330031394958",
        "restitution": "0.3",
        "rotation": "x:0 y:0 z:0",
        "scale": "x:3 y:0.2 z:3",
        "selectable": "true",
        "shape": "3",
        "staticBatchNo": "",
        "staticObject": "false",
        "useAnchor": "true",
        "useCollide": "true",
        "useGravity": "true",
        "useTextureAlpha": "false"
      }
    },
    {
      "class": "Part",
      "customProperties": [],
      "properties": {
        "angleVelocity": "x:0 y:-50 z:0",
        "batchType": "Static",
        "bloom": "false",
        "booleanOperation": "0",
        "btsKey": "0b521f22-7df1-42f9-aefe-2e148a919378",
        "cameraCollideEnable": "true",
        "collisionFidelity": "0",
        "collisionUniqueKey": "",
        "customThreshold": "1",
        "density": "2.2",
        "discardAlpha": "0.0",
        "friction": "0.37",
        "id": "8683024890484326401",
        "isLockedInEditor": "false",
        "isVisibleInEditor": "true",
        "lineVelocity": "x:0 y:0 z:0",
        "mass": "0",
        "materialAlpha": "1.0",
        "materialColor": "r:0.2 g:1.0 b:0.64313725490196 a:1.0",
        "materialOffset": "x:1 y:1 z:1.0",
        "materialTexture": "part_suliao.tga",
        "name": "Part",
        "needSync": "true",
        "partNavMeshType": "1",
        "position": "x:4.7276096343994 y:10.362900733948 z:15.330031394958",
        "restitution": "0.3",
        "rotation": "x:0 y:0 z:0",
        "scale": "x:3 y:0.2 z:3",
        "selectable": "true",
        "shape": "3",
        "staticBatchNo": "",
        "staticObject": "false",
        "useAnchor": "true",
        "useCollide": "true",
        "useGravity": "true",
        "useTextureAlpha": "false"
      }
    },
    {
      "class": "Part",
      "customProperties": [],
      "properties": {
        "angleVelocity": "x:0 y:50 z:0",
        "batchType": "Static",
        "bloom": "false",
        "booleanOperation": "0",
        "btsKey": "7a7a99de-22ab-4b66-af21-46961134cf5c",
        "cameraCollideEnable": "true",
        "collisionFidelity": "0",
        "collisionUniqueKey": "",
        "customThreshold": "1",
        "density": "2.2",
        "discardAlpha": "0.0",
        "friction": "0.37",
        "id": "8683024997209194497",
        "isLockedInEditor": "false",
        "isVisibleInEditor": "true",
        "lineVelocity": "x:0 y:0 z:0",
        "mass": "0",
        "materialAlpha": "1.0",
        "materialColor": "r:0.2 g:1.0 b:0.64313725490196 a:1.0",
        "materialOffset": "x:1 y:1 z:1.0",
        "materialTexture": "part_suliao.tga",
        "name": "Part",
        "needSync": "true",
        "partNavMeshType": "1",
        "position": "x:-0.2953907251358 y:10.362900733948 z:15.330031394958",
        "restitution": "0.3",
        "rotation": "x:0 y:0 z:0",
        "scale": "x:3 y:0.2 z:3",
        "selectable": "true",
        "shape": "3",
        "staticBatchNo": "",
        "staticObject": "false",
        "useAnchor": "true",
        "useCollide": "true",
        "useGravity": "true",
        "useTextureAlpha": "false"
      }
    },
    {
      "class": "Part",
      "customProperties": [],
      "properties": {
        "angleVelocity": "x:0 y:0 z:0",
        "batchType": "Static",
        "bloom": "false",
        "booleanOperation": "0",
        "btsKey": "310e31a4-f620-4a00-83a5-d9158e319403",
        "cameraCollideEnable": "true",
        "collisionFidelity": "0",
        "collisionUniqueKey": "",
        "customThreshold": "1",
        "density": "2.2",
        "discardAlpha": "0.0",
        "friction": "0.37",
        "id": "8683025153556250625",
        "isLockedInEditor": "false",
        "isVisibleInEditor": "true",
        "lineVelocity": "x:0 y:100 z:0",
        "mass": "0",
        "materialAlpha": "1.0",
        "materialColor": "r:0.2 g:1.0 b:0.64313725490196 a:1.0",
        "materialOffset": "x:1 y:1 z:1.0",
        "materialTexture": "part_suliao.tga",
        "name": "Part",
        "needSync": "true",
        "partNavMeshType": "1",
        "position": "x:-5.0783920288086 y:10.362900733948 z:15.330031394958",
        "restitution": "0.3",
        "rotation": "x:0 y:0 z:0",
        "scale": "x:3 y:0.2 z:3",
        "selectable": "true",
        "shape": "3",
        "staticBatchNo": "",
        "staticObject": "false",
        "useAnchor": "true",
        "useCollide": "true",
        "useGravity": "true",
        "useTextureAlpha": "false"
      }
    },
    {
      "children": [
        {
          "class": "Decal",
          "customProperties": [],
          "properties": {
            "decalAlpha": "1",
            "decalColor": "r:1.0 g:1.0 b:1.0 a:1.0",
            "decalImageType": "0",
            "decalOffset": "x:0 y:0 z:1.0",
            "decalSurface": "4",
            "decalTexture": "asset/Texture/Item/qianjin.png",
            "decalTiling": "x:0 y:0 z:1.0",
            "id": "8683028200240545793",
            "name": "Decal"
          }
        }
      ],
      "class": "Part",
      "customProperties": [],
      "properties": {
        "angleVelocity": "x:0 y:0 z:0",
        "batchType": "Static",
        "bloom": "false",
        "booleanOperation": "0",
        "btsKey": "4a028db0-cd05-4f84-aafc-c765c2f64ce5",
        "cameraCollideEnable": "true",
        "collisionFidelity": "0",
        "collisionUniqueKey": "",
        "customThreshold": "1",
        "density": "2.2",
        "discardAlpha": "0.0",
        "friction": "0.37",
        "id": "8683025831631142913",
        "isLockedInEditor": "false",
        "isVisibleInEditor": "true",
        "lineVelocity": "x:0 y:0 z:-5",
        "mass": "0",
        "materialAlpha": "1.0",
        "materialColor": "r:1.0 g:1.0 b:1.0 a:1.0",
        "materialOffset": "x:1 y:1 z:1.0",
        "materialTexture": "part_suliao.tga",
        "name": "Part",
        "needSync": "true",
        "partNavMeshType": "1",
        "position": "x:-12.191226959229 y:5.1503553390503 z:-4.7159152030945",
        "restitution": "0.3",
        "rotation": "x:0 y:-90 z:20",
        "scale": "x:20 y:0.2 z:5",
        "selectable": "true",
        "shape": "1",
        "staticBatchNo": "",
        "staticObject": "false",
        "useAnchor": "true",
        "useCollide": "true",
        "useGravity": "true",
        "useTextureAlpha": "false"
      }
    },
    {
      "class": "Part",
      "customProperties": [],
      "properties": {
        "angleVelocity": "x:0 y:0 z:0",
        "batchType": "Static",
        "bloom": "false",
        "booleanOperation": "0",
        "btsKey": "afddc76e-f6e5-4d1a-ab81-3a270850b4dc",
        "cameraCollideEnable": "true",
        "collisionFidelity": "0",
        "collisionUniqueKey": "",
        "customThreshold": "1",
        "density": "2.2",
        "discardAlpha": "0.0",
        "friction": "0.37",
        "id": "8683029768705622017",
        "isLockedInEditor": "false",
        "isVisibleInEditor": "true",
        "lineVelocity": "x:0 y:0 z:0",
        "mass": "0",
        "materialAlpha": "1.0",
        "materialColor": "r:1.0 g:0.6 b:0.45490196078431 a:1.0",
        "materialOffset": "x:1 y:1 z:1.0",
        "materialTexture": "part_suliao.tga",
        "name": "Part",
        "needSync": "true",
        "partNavMeshType": "1",
        "position": "x:-14.425958633423 y:8.3669166564941 z:5.5491981506348",
        "restitution": "0.3",
        "rotation": "x:0 y:0 z:0",
        "scale": "x:1 y:1 z:1",
        "selectable": "true",
        "shape": "2",
        "staticBatchNo": "",
        "staticObject": "false",
        "useAnchor": "true",
        "useCollide": "true",
        "useGravity": "true",
        "useTextureAlpha": "false"
      }
    },
    {
      "class": "Part",
      "customProperties": [],
      "properties": {
        "angleVelocity": "x:0 y:0 z:0",
        "batchType": "Static",
        "bloom": "false",
        "booleanOperation": "0",
        "btsKey": "8b37db34-4706-48bb-b6d9-e6ad930c9b97",
        "cameraCollideEnable": "true",
        "collisionFidelity": "0",
        "collisionUniqueKey": "",
        "customThreshold": "1",
        "density": "2.2",
        "discardAlpha": "0.0",
        "friction": "0.37",
        "id": "8683030433436827649",
        "isLockedInEditor": "false",
        "isVisibleInEditor": "true",
        "lineVelocity": "x:0 y:0 z:0",
        "mass": "0",
        "materialAlpha": "1.0",
        "materialColor": "r:1.0 g:0.6 b:0.45490196078431 a:1.0",
        "materialOffset": "x:1 y:1 z:1.0",
        "materialTexture": "part_suliao.tga",
        "name": "Part",
        "needSync": "true",
        "partNavMeshType": "1",
        "position": "x:-12.179958343506 y:8.3669166564941 z:5.5491981506348",
        "restitution": "0.3",
        "rotation": "x:0 y:0 z:0",
        "scale": "x:1 y:1 z:1",
        "selectable": "true",
        "shape": "2",
        "staticBatchNo": "",
        "staticObject": "false",
        "useAnchor": "true",
        "useCollide": "true",
        "useGravity": "true",
        "useTextureAlpha": "false"
      }
    },
    {
      "class": "Part",
      "customProperties": [],
      "properties": {
        "angleVelocity": "x:0 y:0 z:0",
        "batchType": "Static",
        "bloom": "false",
        "booleanOperation": "0",
        "btsKey": "ceb11794-2a9c-442a-bae5-17d2f9192dc7",
        "cameraCollideEnable": "true",
        "collisionFidelity": "0",
        "collisionUniqueKey": "",
        "customThreshold": "1",
        "density": "2.2",
        "discardAlpha": "0.0",
        "friction": "0.37",
        "id": "8683030511693938689",
        "isLockedInEditor": "false",
        "isVisibleInEditor": "true",
        "lineVelocity": "x:0 y:0 z:0",
        "mass": "0",
        "materialAlpha": "1.0",
        "materialColor": "r:1.0 g:0.6 b:0.45490196078431 a:1.0",
        "materialOffset": "x:1 y:1 z:1.0",
        "materialTexture": "part_suliao.tga",
        "name": "Part",
        "needSync": "true",
        "partNavMeshType": "1",
        "position": "x:-9.9689598083496 y:8.3669166564941 z:5.5491981506348",
        "restitution": "0.3",
        "rotation": "x:0 y:0 z:0",
        "scale": "x:1 y:1 z:1",
        "selectable": "true",
        "shape": "2",
        "staticBatchNo": "",
        "staticObject": "false",
        "useAnchor": "true",
        "useCollide": "true",
        "useGravity": "true",
        "useTextureAlpha": "false"
      }
    },
    {
      "class": "Part",
      "customProperties": [],
      "properties": {
        "angleVelocity": "x:0 y:0 z:0",
        "batchType": "Static",
        "bloom": "false",
        "booleanOperation": "0",
        "btsKey": "9264cfa8-75b7-4173-9733-fbb50fda7daf",
        "cameraCollideEnable": "true",
        "collisionFidelity": "0",
        "collisionUniqueKey": "",
        "customThreshold": "1",
        "density": "2.2",
        "discardAlpha": "0.0",
        "friction": "0.37",
        "id": "8683030675522912257",
        "isLockedInEditor": "false",
        "isVisibleInEditor": "true",
        "lineVelocity": "x:0 y:0 z:0",
        "mass": "0",
        "materialAlpha": "1.0",
        "materialColor": "r:1.0 g:0.6 b:0.45490196078431 a:1.0",
        "materialOffset": "x:1 y:1 z:1.0",
        "materialTexture": "part_suliao.tga",
        "name": "Part",
        "needSync": "true",
        "partNavMeshType": "1",
        "position": "x:-9.9689598083496 y:8.3669166564941 z:8.5441980361938",
        "restitution": "0.3",
        "rotation": "x:0 y:0 z:0",
        "scale": "x:1 y:1 z:1",
        "selectable": "true",
        "shape": "2",
        "staticBatchNo": "",
        "staticObject": "false",
        "useAnchor": "true",
        "useCollide": "true",
        "useGravity": "true",
        "useTextureAlpha": "false"
      }
    },
    {
      "class": "Part",
      "customProperties": [],
      "properties": {
        "angleVelocity": "x:0 y:0 z:0",
        "batchType": "Static",
        "bloom": "false",
        "booleanOperation": "0",
        "btsKey": "c71d8b07-fed2-46c0-924f-734dab936ba0",
        "cameraCollideEnable": "true",
        "collisionFidelity": "0",
        "collisionUniqueKey": "",
        "customThreshold": "1",
        "density": "2.2",
        "discardAlpha": "0.0",
        "friction": "0.37",
        "id": "8683030675525648385",
        "isLockedInEditor": "false",
        "isVisibleInEditor": "true",
        "lineVelocity": "x:0 y:0 z:0",
        "mass": "0",
        "materialAlpha": "1.0",
        "materialColor": "r:1.0 g:0.6 b:0.45490196078431 a:1.0",
        "materialOffset": "x:1 y:1 z:1.0",
        "materialTexture": "part_suliao.tga",
        "name": "Part",
        "needSync": "true",
        "partNavMeshType": "1",
        "position": "x:-14.425958633423 y:8.3669166564941 z:8.5441980361938",
        "restitution": "0.3",
        "rotation": "x:0 y:0 z:0",
        "scale": "x:1 y:1 z:1",
        "selectable": "true",
        "shape": "2",
        "staticBatchNo": "",
        "staticObject": "false",
        "useAnchor": "true",
        "useCollide": "true",
        "useGravity": "true",
        "useTextureAlpha": "false"
      }
    },
    {
      "class": "Part",
      "customProperties": [],
      "properties": {
        "angleVelocity": "x:0 y:0 z:0",
        "batchType": "Static",
        "bloom": "false",
        "booleanOperation": "0",
        "btsKey": "c8bbe7c7-d17c-4c2d-b133-67d4b9fc2f17",
        "cameraCollideEnable": "true",
        "collisionFidelity": "0",
        "collisionUniqueKey": "",
        "customThreshold": "1",
        "density": "2.2",
        "discardAlpha": "0.0",
        "friction": "0.37",
        "id": "8683030675528056833",
        "isLockedInEditor": "false",
        "isVisibleInEditor": "true",
        "lineVelocity": "x:0 y:0 z:0",
        "mass": "0",
        "materialAlpha": "1.0",
        "materialColor": "r:1.0 g:0.6 b:0.45490196078431 a:1.0",
        "materialOffset": "x:1 y:1 z:1.0",
        "materialTexture": "part_suliao.tga",
        "name": "Part",
        "needSync": "true",
        "partNavMeshType": "1",
        "position": "x:-12.179958343506 y:8.3669166564941 z:8.5441980361938",
        "restitution": "0.3",
        "rotation": "x:0 y:0 z:0",
        "scale": "x:1 y:1 z:1",
        "selectable": "true",
        "shape": "2",
        "staticBatchNo": "",
        "staticObject": "false",
        "useAnchor": "true",
        "useCollide": "true",
        "useGravity": "true",
        "useTextureAlpha": "false"
      }
    },
    {
      "class": "Part",
      "customProperties": [],
      "properties": {
        "angleVelocity": "x:0 y:0 z:0",
        "batchType": "Static",
        "bloom": "false",
        "booleanOperation": "0",
        "btsKey": "d07479ff-a3df-4a65-ad6e-1b179a967bf6",
        "cameraCollideEnable": "true",
        "collisionFidelity": "0",
        "collisionUniqueKey": "",
        "customThreshold": "1",
        "density": "2.2",
        "discardAlpha": "0.0",
        "friction": "0.37",
        "id": "8683030767986098177",
        "isLockedInEditor": "false",
        "isVisibleInEditor": "true",
        "lineVelocity": "x:0 y:0 z:0",
        "mass": "0",
        "materialAlpha": "1.0",
        "materialColor": "r:1.0 g:0.6 b:0.45490196078431 a:1.0",
        "materialOffset": "x:1 y:1 z:1.0",
        "materialTexture": "part_suliao.tga",
        "name": "Part",
        "needSync": "true",
        "partNavMeshType": "1",
        "position": "x:-12.179958343506 y:8.3669166564941 z:11.721199035645",
        "restitution": "0.3",
        "rotation": "x:0 y:0 z:0",
        "scale": "x:1 y:1 z:1",
        "selectable": "true",
        "shape": "2",
        "staticBatchNo": "",
        "staticObject": "false",
        "useAnchor": "true",
        "useCollide": "true",
        "useGravity": "true",
        "useTextureAlpha": "false"
      }
    },
    {
      "class": "Part",
      "customProperties": [],
      "properties": {
        "angleVelocity": "x:0 y:0 z:0",
        "batchType": "Static",
        "bloom": "false",
        "booleanOperation": "0",
        "btsKey": "9a6455c4-4e66-4be5-9547-2262baf5a624",
        "cameraCollideEnable": "true",
        "collisionFidelity": "0",
        "collisionUniqueKey": "",
        "customThreshold": "1",
        "density": "2.2",
        "discardAlpha": "0.0",
        "friction": "0.37",
        "id": "8683030767989063681",
        "isLockedInEditor": "false",
        "isVisibleInEditor": "true",
        "lineVelocity": "x:0 y:0 z:0",
        "mass": "0",
        "materialAlpha": "1.0",
        "materialColor": "r:1.0 g:0.6 b:0.45490196078431 a:1.0",
        "materialOffset": "x:1 y:1 z:1.0",
        "materialTexture": "part_suliao.tga",
        "name": "Part",
        "needSync": "true",
        "partNavMeshType": "1",
        "position": "x:-9.9689598083496 y:8.3669166564941 z:11.721199035645",
        "restitution": "0.3",
        "rotation": "x:0 y:0 z:0",
        "scale": "x:1 y:1 z:1",
        "selectable": "true",
        "shape": "2",
        "staticBatchNo": "",
        "staticObject": "false",
        "useAnchor": "true",
        "useCollide": "true",
        "useGravity": "true",
        "useTextureAlpha": "false"
      }
    },
    {
      "class": "Part",
      "customProperties": [],
      "properties": {
        "angleVelocity": "x:0 y:0 z:0",
        "batchType": "Static",
        "bloom": "false",
        "booleanOperation": "0",
        "btsKey": "a765f7cf-71cd-4ae4-9a22-7e4a3f6ba966",
        "cameraCollideEnable": "true",
        "collisionFidelity": "0",
        "collisionUniqueKey": "",
        "customThreshold": "1",
        "density": "2.2",
        "discardAlpha": "0.0",
        "friction": "0.37",
        "id": "8683030767992160257",
        "isLockedInEditor": "false",
        "isVisibleInEditor": "true",
        "lineVelocity": "x:0 y:0 z:0",
        "mass": "0",
        "materialAlpha": "1.0",
        "materialColor": "r:1.0 g:0.6 b:0.45490196078431 a:1.0",
        "materialOffset": "x:1 y:1 z:1.0",
        "materialTexture": "part_suliao.tga",
        "name": "Part",
        "needSync": "true",
        "partNavMeshType": "1",
        "position": "x:-14.425958633423 y:8.3669166564941 z:11.721199035645",
        "restitution": "0.3",
        "rotation": "x:0 y:0 z:0",
        "scale": "x:1 y:1 z:1",
        "selectable": "true",
        "shape": "2",
        "staticBatchNo": "",
        "staticObject": "false",
        "useAnchor": "true",
        "useCollide": "true",
        "useGravity": "true",
        "useTextureAlpha": "false"
      }
    },
    {
      "class": "Part",
      "customProperties": [],
      "properties": {
        "angleVelocity": "x:0 y:0 z:0",
        "batchType": "Static",
        "bloom": "false",
        "booleanOperation": "0",
        "btsKey": "83bd315b-a246-4c77-94ee-2b4150a485d8",
        "cameraCollideEnable": "true",
        "collisionFidelity": "0",
        "collisionUniqueKey": "",
        "customThreshold": "1",
        "density": "2.2",
        "discardAlpha": "0.0",
        "friction": "0.37",
        "id": "8683030882759524353",
        "isLockedInEditor": "false",
        "isVisibleInEditor": "true",
        "lineVelocity": "x:0 y:0 z:0",
        "mass": "0",
        "materialAlpha": "1.0",
        "materialColor": "r:1.0 g:0.6 b:0.45490196078431 a:1.0",
        "materialOffset": "x:1 y:1 z:1.0",
        "materialTexture": "part_suliao.tga",
        "name": "Part",
        "needSync": "true",
        "partNavMeshType": "1",
        "position": "x:-12.179958343506 y:8.3669166564941 z:14.925199508667",
        "restitution": "0.3",
        "rotation": "x:0 y:0 z:0",
        "scale": "x:1 y:1 z:1",
        "selectable": "true",
        "shape": "2",
        "staticBatchNo": "",
        "staticObject": "false",
        "useAnchor": "true",
        "useCollide": "true",
        "useGravity": "true",
        "useTextureAlpha": "false"
      }
    },
    {
      "class": "Part",
      "customProperties": [],
      "properties": {
        "angleVelocity": "x:0 y:0 z:0",
        "batchType": "Static",
        "bloom": "false",
        "booleanOperation": "0",
        "btsKey": "9a711dfb-3f7e-43cf-af41-1e3a98e400fd",
        "cameraCollideEnable": "true",
        "collisionFidelity": "0",
        "collisionUniqueKey": "",
        "customThreshold": "1",
        "density": "2.2",
        "discardAlpha": "0.0",
        "friction": "0.37",
        "id": "8683030882762997761",
        "isLockedInEditor": "false",
        "isVisibleInEditor": "true",
        "lineVelocity": "x:0 y:0 z:0",
        "mass": "0",
        "materialAlpha": "1.0",
        "materialColor": "r:1.0 g:0.6 b:0.45490196078431 a:1.0",
        "materialOffset": "x:1 y:1 z:1.0",
        "materialTexture": "part_suliao.tga",
        "name": "Part",
        "needSync": "true",
        "partNavMeshType": "1",
        "position": "x:-9.9689598083496 y:8.3669166564941 z:14.925199508667",
        "restitution": "0.3",
        "rotation": "x:0 y:0 z:0",
        "scale": "x:1 y:1 z:1",
        "selectable": "true",
        "shape": "2",
        "staticBatchNo": "",
        "staticObject": "false",
        "useAnchor": "true",
        "useCollide": "true",
        "useGravity": "true",
        "useTextureAlpha": "false"
      }
    },
    {
      "class": "Part",
      "customProperties": [],
      "properties": {
        "angleVelocity": "x:0 y:0 z:0",
        "batchType": "Static",
        "bloom": "false",
        "booleanOperation": "0",
        "btsKey": "5a469e6e-4a96-4ba2-9aeb-b00ce48c575d",
        "cameraCollideEnable": "true",
        "collisionFidelity": "0",
        "collisionUniqueKey": "",
        "customThreshold": "1",
        "density": "2.2",
        "discardAlpha": "0.0",
        "friction": "0.37",
        "id": "8683030882765488129",
        "isLockedInEditor": "false",
        "isVisibleInEditor": "true",
        "lineVelocity": "x:0 y:0 z:0",
        "mass": "0",
        "materialAlpha": "1.0",
        "materialColor": "r:1.0 g:0.6 b:0.45490196078431 a:1.0",
        "materialOffset": "x:1 y:1 z:1.0",
        "materialTexture": "part_suliao.tga",
        "name": "Part",
        "needSync": "true",
        "partNavMeshType": "1",
        "position": "x:-14.425958633423 y:8.3669166564941 z:14.925199508667",
        "restitution": "0.3",
        "rotation": "x:0 y:0 z:0",
        "scale": "x:1 y:1 z:1",
        "selectable": "true",
        "shape": "2",
        "staticBatchNo": "",
        "staticObject": "false",
        "useAnchor": "true",
        "useCollide": "true",
        "useGravity": "true",
        "useTextureAlpha": "false"
      }
    },
    {
      "class": "Part",
      "customProperties": [],
      "properties": {
        "angleVelocity": "x:0 y:0 z:0",
        "batchType": "Static",
        "bloom": "false",
        "booleanOperation": "0",
        "btsKey": "12d0c81c-eff4-4930-8a88-06ce01371b9e",
        "cameraCollideEnable": "true",
        "collisionFidelity": "0",
        "collisionUniqueKey": "",
        "customThreshold": "1",
        "density": "2.2",
        "discardAlpha": "0.0",
        "friction": "0.37",
        "id": "8683032270004060161",
        "isLockedInEditor": "false",
        "isVisibleInEditor": "true",
        "lineVelocity": "x:0 y:0 z:0",
        "mass": "0",
        "materialAlpha": "1.0",
        "materialColor": "r:1.0 g:0.6 b:0.45490196078431 a:1.0",
        "materialOffset": "x:1 y:1 z:1.0",
        "materialTexture": "part_suliao.tga",
        "name": "Part",
        "needSync": "true",
        "partNavMeshType": "1",
        "position": "x:-7.7669582366943 y:9.3189163208008 z:14.925199508667",
        "restitution": "0.3",
        "rotation": "x:0 y:0 z:0",
        "scale": "x:1 y:1 z:1",
        "selectable": "true",
        "shape": "2",
        "staticBatchNo": "",
        "staticObject": "false",
        "useAnchor": "true",
        "useCollide": "true",
        "useGravity": "true",
        "useTextureAlpha": "false"
      }
    },
    {
      "class": "Part",
      "customProperties": [],
      "properties": {
        "angleVelocity": "x:0 y:0 z:0",
        "batchType": "Static",
        "bloom": "false",
        "booleanOperation": "0",
        "btsKey": "c9d6f73d-5930-4fb0-ab15-28dc2c0b211f",
        "cameraCollideEnable": "true",
        "collisionFidelity": "0",
        "collisionUniqueKey": "",
        "customThreshold": "1",
        "density": "2.2",
        "discardAlpha": "0.0",
        "friction": "0.37",
        "id": "8683032607477645313",
        "isLockedInEditor": "false",
        "isVisibleInEditor": "true",
        "lineVelocity": "x:0 y:0 z:0",
        "mass": "0",
        "materialAlpha": "1.0",
        "materialColor": "r:1.0 g:0.6 b:0.45490196078431 a:1.0",
        "materialOffset": "x:1 y:1 z:1.0",
        "materialTexture": "part_suliao.tga",
        "name": "Part",
        "needSync": "true",
        "partNavMeshType": "1",
        "position": "x:-14.425958633423 y:8.3669166564941 z:17.682201385498",
        "restitution": "0.3",
        "rotation": "x:0 y:0 z:0",
        "scale": "x:1 y:1 z:1",
        "selectable": "true",
        "shape": "2",
        "staticBatchNo": "",
        "staticObject": "false",
        "useAnchor": "true",
        "useCollide": "true",
        "useGravity": "true",
        "useTextureAlpha": "false"
      }
    },
    {
      "class": "Part",
      "customProperties": [],
      "properties": {
        "angleVelocity": "x:0 y:0 z:0",
        "batchType": "Static",
        "bloom": "false",
        "booleanOperation": "0",
        "btsKey": "641d71b4-8feb-420e-891f-704740106876",
        "cameraCollideEnable": "true",
        "collisionFidelity": "0",
        "collisionUniqueKey": "",
        "customThreshold": "1",
        "density": "2.2",
        "discardAlpha": "0.0",
        "friction": "0.37",
        "id": "8683032607480365057",
        "isLockedInEditor": "false",
        "isVisibleInEditor": "true",
        "lineVelocity": "x:0 y:0 z:0",
        "mass": "0",
        "materialAlpha": "1.0",
        "materialColor": "r:1.0 g:0.6 b:0.45490196078431 a:1.0",
        "materialOffset": "x:1 y:1 z:1.0",
        "materialTexture": "part_suliao.tga",
        "name": "Part",
        "needSync": "true",
        "partNavMeshType": "1",
        "position": "x:-7.7669582366943 y:9.3189163208008 z:17.682201385498",
        "restitution": "0.3",
        "rotation": "x:0 y:0 z:0",
        "scale": "x:1 y:1 z:1",
        "selectable": "true",
        "shape": "2",
        "staticBatchNo": "",
        "staticObject": "false",
        "useAnchor": "true",
        "useCollide": "true",
        "useGravity": "true",
        "useTextureAlpha": "false"
      }
    },
    {
      "class": "Part",
      "customProperties": [],
      "properties": {
        "angleVelocity": "x:0 y:0 z:0",
        "batchType": "Static",
        "bloom": "false",
        "booleanOperation": "0",
        "btsKey": "2a626175-9ba8-4ba6-845b-bcacefb89767",
        "cameraCollideEnable": "true",
        "collisionFidelity": "0",
        "collisionUniqueKey": "",
        "customThreshold": "1",
        "density": "2.2",
        "discardAlpha": "0.0",
        "friction": "0.37",
        "id": "8683032607482757121",
        "isLockedInEditor": "false",
        "isVisibleInEditor": "true",
        "lineVelocity": "x:0 y:0 z:0",
        "mass": "0",
        "materialAlpha": "1.0",
        "materialColor": "r:1.0 g:0.6 b:0.45490196078431 a:1.0",
        "materialOffset": "x:1 y:1 z:1.0",
        "materialTexture": "part_suliao.tga",
        "name": "Part",
        "needSync": "true",
        "partNavMeshType": "1",
        "position": "x:-12.179958343506 y:8.3669166564941 z:17.682201385498",
        "restitution": "0.3",
        "rotation": "x:0 y:0 z:0",
        "scale": "x:1 y:1 z:1",
        "selectable": "true",
        "shape": "2",
        "staticBatchNo": "",
        "staticObject": "false",
        "useAnchor": "true",
        "useCollide": "true",
        "useGravity": "true",
        "useTextureAlpha": "false"
      }
    },
    {
      "class": "Part",
      "customProperties": [],
      "properties": {
        "angleVelocity": "x:0 y:0 z:0",
        "batchType": "Static",
        "bloom": "false",
        "booleanOperation": "0",
        "btsKey": "2ddbfcb7-7dbb-4bb3-a2ce-9fe19d088cbc",
        "cameraCollideEnable": "true",
        "collisionFidelity": "0",
        "collisionUniqueKey": "",
        "customThreshold": "1",
        "density": "2.2",
        "discardAlpha": "0.0",
        "friction": "0.37",
        "id": "8683032607485050881",
        "isLockedInEditor": "false",
        "isVisibleInEditor": "true",
        "lineVelocity": "x:0 y:0 z:0",
        "mass": "0",
        "materialAlpha": "1.0",
        "materialColor": "r:1.0 g:0.6 b:0.45490196078431 a:1.0",
        "materialOffset": "x:1 y:1 z:1.0",
        "materialTexture": "part_suliao.tga",
        "name": "Part",
        "needSync": "true",
        "partNavMeshType": "1",
        "position": "x:-9.9689598083496 y:8.3669166564941 z:17.682201385498",
        "restitution": "0.3",
        "rotation": "x:0 y:0 z:0",
        "scale": "x:1 y:1 z:1",
        "selectable": "true",
        "shape": "2",
        "staticBatchNo": "",
        "staticObject": "false",
        "useAnchor": "true",
        "useCollide": "true",
        "useGravity": "true",
        "useTextureAlpha": "false"
      }
    },
    {
      "class": "Entity",
      "config": "myplugin/9ffa6e2c-5d77-4338-a441-a0b7c66d5689",
      "customProperties": [],
      "properties": {
        "batchType": "Static",
        "id": "8683034894269284353",
        "name": "MerryXmas",
        "needSync": "true",
        "position": "x:13.455001831055 y:1.5999034643173 z:0",
        "rotation": "x:0 y:90 z:0",
        "scale": "x:1 y:1 z:1",
        "selectable": "true"
      }
    },
    {
      "class": "MeshPart",
      "customProperties": [],
      "properties": {
        "angleVelocity": "x:0 y:0 z:0",
        "autoAnchor": "true",
        "batchType": "Static",
        "bloom": "false",
        "booleanOperation": "0",
        "btsKey": "cd0f53e0-cfd6-48fe-85f0-07ab6fceb093",
        "cameraCollideEnable": "true",
        "collisionFidelity": "0",
        "collisionUniqueKey": "",
        "customThreshold": "1",
        "density": "2.2",
        "discardAlpha": "0.0",
        "friction": "0.37",
        "id": "8684449301783085057",
        "isLockedInEditor": "false",
        "isVisibleInEditor": "true",
        "lineVelocity": "x:0 y:0 z:0",
        "mass": "0",
        "materialAlpha": "1.0",
        "materialColor": "r:1.0 g:1.0 b:1.0 a:1.0",
        "materialOffset": "x:1 y:1 z:1.0",
        "materialTexture": "part_suliao.tga",
        "mesh": "asset/Mesh/Purple Cherry Tree/g2030_yinghua_1.mesh",
        "metalness": "0",
        "name": "g2030_yinghua_1.mesh",
        "needSync": "true",
        "partNavMeshType": "1",
        "position": "x:-5.9733963012695 y:5.9374322891235 z:-30.259704589844",
        "restitution": "0.3",
        "rotation": "x:0 y:0 z:0",
        "roughness": "0.9",
        "scale": "x:4.50976 y:4.50976 z:4.50976",
        "selectable": "true",
        "staticBatchNo": "",
        "staticObject": "false",
        "useAnchor": "true",
        "useCollide": "true",
        "useGravity": "true",
        "useTextureAlpha": "false"
      }
    },
    {
      "class": "MeshPart",
      "customProperties": [],
      "properties": {
        "angleVelocity": "x:0 y:0 z:0",
        "autoAnchor": "true",
        "batchType": "Static",
        "bloom": "false",
        "booleanOperation": "0",
        "btsKey": "1e681d38-e027-4589-ac96-f9acd309d624",
        "cameraCollideEnable": "true",
        "collisionFidelity": "0",
        "collisionUniqueKey": "",
        "customThreshold": "1",
        "density": "2.2",
        "discardAlpha": "0.0",
        "friction": "0.37",
        "id": "8684449786995245057",
        "isLockedInEditor": "false",
        "isVisibleInEditor": "true",
        "lineVelocity": "x:0 y:0 z:0",
        "mass": "0",
        "materialAlpha": "1.0",
        "materialColor": "r:1.0 g:1.0 b:1.0 a:1.0",
        "materialOffset": "x:1 y:1 z:1.0",
        "materialTexture": "part_suliao.tga",
        "mesh": "asset/Mesh/Big Purple Cherry Tree/g2030_yinghua_2.mesh",
        "metalness": "0",
        "name": "g2030_yinghua_2.mesh",
        "needSync": "true",
        "partNavMeshType": "1",
        "position": "x:8.6817893981934 y:6.4198365211487 z:-29.840774536133",
        "restitution": "0.3",
        "rotation": "x:0 y:0 z:0",
        "roughness": "0.9",
        "scale": "x:4.84023 y:4.84023 z:4.84023",
        "selectable": "true",
        "staticBatchNo": "",
        "staticObject": "false",
        "useAnchor": "true",
        "useCollide": "true",
        "useGravity": "true",
        "useTextureAlpha": "false"
      }
    },
    {
      "class": "MeshPart",
      "customProperties": [],
      "properties": {
        "angleVelocity": "x:0 y:0 z:0",
        "autoAnchor": "true",
        "batchType": "Static",
        "bloom": "false",
        "booleanOperation": "0",
        "btsKey": "19b673c2-041d-4fab-96fc-3b57875276c6",
        "cameraCollideEnable": "true",
        "collisionFidelity": "0",
        "collisionUniqueKey": "",
        "customThreshold": "1",
        "density": "2.2",
        "discardAlpha": "0.0",
        "friction": "0.37",
        "id": "8684450123089772545",
        "isLockedInEditor": "false",
        "isVisibleInEditor": "true",
        "lineVelocity": "x:0 y:0 z:0",
        "mass": "0",
        "materialAlpha": "1.0",
        "materialColor": "r:1.0 g:1.0 b:1.0 a:1.0",
        "materialOffset": "x:1 y:1 z:1.0",
        "materialTexture": "part_suliao.tga",
        "mesh": "asset/Mesh/Purple Cherry Tree/g2030_yinghua_1.mesh",
        "metalness": "0",
        "name": "g2030_yinghua_1.mesh",
        "needSync": "true",
        "partNavMeshType": "1",
        "position": "x:20.422603607178 y:5.9374322891235 z:-30.259704589844",
        "restitution": "0.3",
        "rotation": "x:0 y:0 z:0",
        "roughness": "0.9",
        "scale": "x:4.50976 y:4.50976 z:4.50976",
        "selectable": "true",
        "staticBatchNo": "",
        "staticObject": "false",
        "useAnchor": "true",
        "useCollide": "true",
        "useGravity": "true",
        "useTextureAlpha": "false"
      }
    },
    {
      "class": "MeshPart",
      "customProperties": [],
      "properties": {
        "angleVelocity": "x:0 y:0 z:0",
        "autoAnchor": "true",
        "batchType": "Static",
        "bloom": "false",
        "booleanOperation": "0",
        "btsKey": "edbdb807-0631-4243-b9d7-c06246bd2e59",
        "cameraCollideEnable": "true",
        "collisionFidelity": "0",
        "collisionUniqueKey": "",
        "customThreshold": "1",
        "density": "2.2",
        "discardAlpha": "0.0",
        "friction": "0.37",
        "id": "8684450123094523905",
        "isLockedInEditor": "false",
        "isVisibleInEditor": "true",
        "lineVelocity": "x:0 y:0 z:0",
        "mass": "0",
        "materialAlpha": "1.0",
        "materialColor": "r:1.0 g:1.0 b:1.0 a:1.0",
        "materialOffset": "x:1 y:1 z:1.0",
        "materialTexture": "part_suliao.tga",
        "mesh": "asset/Mesh/Big Purple Cherry Tree/g2030_yinghua_2.mesh",
        "metalness": "0",
        "name": "g2030_yinghua_2.mesh",
        "needSync": "true",
        "partNavMeshType": "1",
        "position": "x:31.798938751221 y:6.3988370895386 z:-26.561916351318",
        "restitution": "0.3",
        "rotation": "x:0 y:-45 z:0",
        "roughness": "0.9",
        "scale": "x:4.84023 y:4.84023 z:4.84023",
        "selectable": "true",
        "staticBatchNo": "",
        "staticObject": "false",
        "useAnchor": "true",
        "useCollide": "true",
        "useGravity": "true",
        "useTextureAlpha": "false"
      }
    },
    {
      "class": "MeshPart",
      "customProperties": [],
      "properties": {
        "angleVelocity": "x:0 y:0 z:0",
        "autoAnchor": "true",
        "batchType": "Static",
        "bloom": "false",
        "booleanOperation": "0",
        "btsKey": "0050be00-cfbf-46f4-94b8-9d6a10d929c8",
        "cameraCollideEnable": "true",
        "collisionFidelity": "0",
        "collisionUniqueKey": "",
        "customThreshold": "1",
        "density": "2.2",
        "discardAlpha": "0.0",
        "friction": "0.37",
        "id": "8684450290148343809",
        "isLockedInEditor": "false",
        "isVisibleInEditor": "true",
        "lineVelocity": "x:0 y:0 z:0",
        "mass": "0",
        "materialAlpha": "1.0",
        "materialColor": "r:1.0 g:1.0 b:1.0 a:1.0",
        "materialOffset": "x:1 y:1 z:1.0",
        "materialTexture": "part_suliao.tga",
        "mesh": "asset/Mesh/Purple Cherry Tree/g2030_yinghua_1.mesh",
        "metalness": "0",
        "name": "g2030_yinghua_1.mesh",
        "needSync": "true",
        "partNavMeshType": "1",
        "position": "x:31.085597991943 y:5.9374322891235 z:-13.776702880859",
        "restitution": "0.3",
        "rotation": "x:0 y:90 z:0",
        "roughness": "0.9",
        "scale": "x:4.50976 y:4.50976 z:4.50976",
        "selectable": "true",
        "staticBatchNo": "",
        "staticObject": "false",
        "useAnchor": "true",
        "useCollide": "true",
        "useGravity": "true",
        "useTextureAlpha": "false"
      }
    },
    {
      "class": "MeshPart",
      "customProperties": [],
      "properties": {
        "angleVelocity": "x:0 y:0 z:0",
        "autoAnchor": "true",
        "batchType": "Static",
        "bloom": "false",
        "booleanOperation": "0",
        "btsKey": "373c6348-5a75-4cb3-a3dd-5446026ead4b",
        "cameraCollideEnable": "true",
        "collisionFidelity": "0",
        "collisionUniqueKey": "",
        "customThreshold": "1",
        "density": "2.2",
        "discardAlpha": "0.0",
        "friction": "0.37",
        "id": "8684450290183143425",
        "isLockedInEditor": "false",
        "isVisibleInEditor": "true",
        "lineVelocity": "x:0 y:0 z:0",
        "mass": "0",
        "materialAlpha": "1.0",
        "materialColor": "r:1.0 g:1.0 b:1.0 a:1.0",
        "materialOffset": "x:1 y:1 z:1.0",
        "materialTexture": "part_suliao.tga",
        "mesh": "asset/Mesh/Big Purple Cherry Tree/g2030_yinghua_2.mesh",
        "metalness": "0",
        "name": "g2030_yinghua_2.mesh",
        "needSync": "true",
        "partNavMeshType": "1",
        "position": "x:33.973785400391 y:6.3488359451294 z:-3.4057731628418",
        "restitution": "0.3",
        "rotation": "x:0 y:90 z:0",
        "roughness": "0.9",
        "scale": "x:4.84023 y:4.84023 z:4.84023",
        "selectable": "true",
        "staticBatchNo": "",
        "staticObject": "false",
        "useAnchor": "true",
        "useCollide": "true",
        "useGravity": "true",
        "useTextureAlpha": "false"
      }
    },
    {
      "class": "MeshPart",
      "customProperties": [],
      "properties": {
        "angleVelocity": "x:0 y:0 z:0",
        "autoAnchor": "true",
        "batchType": "Static",
        "bloom": "false",
        "booleanOperation": "0",
        "btsKey": "6e03c604-9a39-4024-9b47-7f00aa0ec7a5",
        "cameraCollideEnable": "true",
        "collisionFidelity": "0",
        "collisionUniqueKey": "",
        "customThreshold": "1",
        "density": "2.2",
        "discardAlpha": "0.0",
        "friction": "0.37",
        "id": "8684451561547284481",
        "isLockedInEditor": "false",
        "isVisibleInEditor": "true",
        "lineVelocity": "x:0 y:0 z:0",
        "mass": "0",
        "materialAlpha": "1.0",
        "materialColor": "r:1.0 g:1.0 b:1.0 a:1.0",
        "materialOffset": "x:1 y:1 z:1.0",
        "materialTexture": "part_suliao.tga",
        "mesh": "asset/Mesh/Purple Cherry Tree/g2030_yinghua_1.mesh",
        "metalness": "0",
        "name": "g2030_yinghua_1.mesh",
        "needSync": "true",
        "partNavMeshType": "1",
        "position": "x:29.776058197021 y:5.9374322891235 z:20.028648376465",
        "restitution": "0.3",
        "rotation": "x:0 y:90 z:0",
        "roughness": "0.9",
        "scale": "x:4.50976 y:4.50976 z:4.50976",
        "selectable": "true",
        "staticBatchNo": "",
        "staticObject": "false",
        "useAnchor": "true",
        "useCollide": "true",
        "useGravity": "true",
        "useTextureAlpha": "false"
      }
    },
    {
      "class": "MeshPart",
      "customProperties": [],
      "properties": {
        "angleVelocity": "x:0 y:0 z:0",
        "autoAnchor": "true",
        "batchType": "Static",
        "bloom": "false",
        "booleanOperation": "0",
        "btsKey": "9e1fbc03-98e5-4c27-96bb-80cbb1433610",
        "cameraCollideEnable": "true",
        "collisionFidelity": "0",
        "collisionUniqueKey": "",
        "customThreshold": "1",
        "density": "2.2",
        "discardAlpha": "0.0",
        "friction": "0.37",
        "id": "8684451561552314369",
        "isLockedInEditor": "false",
        "isVisibleInEditor": "true",
        "lineVelocity": "x:0 y:0 z:0",
        "mass": "0",
        "materialAlpha": "1.0",
        "materialColor": "r:1.0 g:1.0 b:1.0 a:1.0",
        "materialOffset": "x:1 y:1 z:1.0",
        "materialTexture": "part_suliao.tga",
        "mesh": "asset/Mesh/Big Purple Cherry Tree/g2030_yinghua_2.mesh",
        "metalness": "0",
        "name": "g2030_yinghua_2.mesh",
        "needSync": "true",
        "partNavMeshType": "1",
        "position": "x:0.20624446868896 y:6.3488359451294 z:34.503597259521",
        "restitution": "0.3",
        "rotation": "x:0 y:90 z:0",
        "roughness": "0.9",
        "scale": "x:4.84023 y:4.84023 z:4.84023",
        "selectable": "true",
        "staticBatchNo": "",
        "staticObject": "false",
        "useAnchor": "true",
        "useCollide": "true",
        "useGravity": "true",
        "useTextureAlpha": "false"
      }
    },
    {
      "class": "MeshPart",
      "customProperties": [],
      "properties": {
        "angleVelocity": "x:0 y:0 z:0",
        "autoAnchor": "true",
        "batchType": "Static",
        "bloom": "false",
        "booleanOperation": "0",
        "btsKey": "747b142f-4ef9-4e3a-8232-8c9cd560df35",
        "cameraCollideEnable": "true",
        "collisionFidelity": "0",
        "collisionUniqueKey": "",
        "customThreshold": "1",
        "density": "2.2",
        "discardAlpha": "0.0",
        "friction": "0.37",
        "id": "8684451561556426753",
        "isLockedInEditor": "false",
        "isVisibleInEditor": "true",
        "lineVelocity": "x:0 y:0 z:0",
        "mass": "0",
        "materialAlpha": "1.0",
        "materialColor": "r:1.0 g:1.0 b:1.0 a:1.0",
        "materialOffset": "x:1 y:1 z:1.0",
        "materialTexture": "part_suliao.tga",
        "mesh": "asset/Mesh/Big Purple Cherry Tree/g2030_yinghua_2.mesh",
        "metalness": "0",
        "name": "g2030_yinghua_2.mesh",
        "needSync": "true",
        "partNavMeshType": "1",
        "position": "x:30.489387512207 y:6.3988370895386 z:7.2434434890747",
        "restitution": "0.3",
        "rotation": "x:0 y:-45 z:0",
        "roughness": "0.9",
        "scale": "x:4.84023 y:4.84023 z:4.84023",
        "selectable": "true",
        "staticBatchNo": "",
        "staticObject": "false",
        "useAnchor": "true",
        "useCollide": "true",
        "useGravity": "true",
        "useTextureAlpha": "false"
      }
    },
    {
      "class": "MeshPart",
      "customProperties": [],
      "properties": {
        "angleVelocity": "x:0 y:0 z:0",
        "autoAnchor": "true",
        "batchType": "Static",
        "bloom": "false",
        "booleanOperation": "0",
        "btsKey": "f3a316b2-ebd8-46d1-a3ee-351895d9b685",
        "cameraCollideEnable": "true",
        "collisionFidelity": "0",
        "collisionUniqueKey": "",
        "customThreshold": "1",
        "density": "2.2",
        "discardAlpha": "0.0",
        "friction": "0.37",
        "id": "8684451867033485313",
        "isLockedInEditor": "false",
        "isVisibleInEditor": "true",
        "lineVelocity": "x:0 y:0 z:0",
        "mass": "0",
        "materialAlpha": "1.0",
        "materialColor": "r:1.0 g:1.0 b:1.0 a:1.0",
        "materialOffset": "x:1 y:1 z:1.0",
        "materialTexture": "part_suliao.tga",
        "mesh": "asset/Mesh/Purple Cherry Tree/g2030_yinghua_1.mesh",
        "metalness": "0",
        "name": "g2030_yinghua_1.mesh",
        "needSync": "true",
        "partNavMeshType": "1",
        "position": "x:-32.803924560547 y:5.9374322891235 z:20.028633117676",
        "restitution": "0.3",
        "rotation": "x:0 y:90 z:0",
        "roughness": "0.9",
        "scale": "x:4.50976 y:4.50976 z:4.50976",
        "selectable": "true",
        "staticBatchNo": "",
        "staticObject": "false",
        "useAnchor": "true",
        "useCollide": "true",
        "useGravity": "true",
        "useTextureAlpha": "false"
      }
    },
    {
      "class": "MeshPart",
      "customProperties": [],
      "properties": {
        "angleVelocity": "x:0 y:0 z:0",
        "autoAnchor": "true",
        "batchType": "Static",
        "bloom": "false",
        "booleanOperation": "0",
        "btsKey": "39b0f573-b028-42d5-97cc-87250606155e",
        "cameraCollideEnable": "true",
        "collisionFidelity": "0",
        "collisionUniqueKey": "",
        "customThreshold": "1",
        "density": "2.2",
        "discardAlpha": "0.0",
        "friction": "0.37",
        "id": "8684451867038384129",
        "isLockedInEditor": "false",
        "isVisibleInEditor": "true",
        "lineVelocity": "x:0 y:0 z:0",
        "mass": "0",
        "materialAlpha": "1.0",
        "materialColor": "r:1.0 g:1.0 b:1.0 a:1.0",
        "materialOffset": "x:1 y:1 z:1.0",
        "materialTexture": "part_suliao.tga",
        "mesh": "asset/Mesh/Big Purple Cherry Tree/g2030_yinghua_2.mesh",
        "metalness": "0",
        "name": "g2030_yinghua_2.mesh",
        "needSync": "true",
        "partNavMeshType": "1",
        "position": "x:-32.090595245361 y:6.3988370895386 z:7.243420124054",
        "restitution": "0.3",
        "rotation": "x:0 y:-45 z:0",
        "roughness": "0.9",
        "scale": "x:4.84023 y:4.84023 z:4.84023",
        "selectable": "true",
        "staticBatchNo": "",
        "staticObject": "false",
        "useAnchor": "true",
        "useCollide": "true",
        "useGravity": "true",
        "useTextureAlpha": "false"
      }
    },
    {
      "class": "MeshPart",
      "customProperties": [],
      "properties": {
        "angleVelocity": "x:0 y:0 z:0",
        "autoAnchor": "true",
        "batchType": "Static",
        "bloom": "false",
        "booleanOperation": "0",
        "btsKey": "049c65ec-b9e0-49de-b0ba-222bc49869fe",
        "cameraCollideEnable": "true",
        "collisionFidelity": "0",
        "collisionUniqueKey": "",
        "customThreshold": "1",
        "density": "2.2",
        "discardAlpha": "0.0",
        "friction": "0.37",
        "id": "8684451867046969345",
        "isLockedInEditor": "false",
        "isVisibleInEditor": "true",
        "lineVelocity": "x:0 y:0 z:0",
        "mass": "0",
        "materialAlpha": "1.0",
        "materialColor": "r:1.0 g:1.0 b:1.0 a:1.0",
        "materialOffset": "x:1 y:1 z:1.0",
        "materialTexture": "part_suliao.tga",
        "mesh": "asset/Mesh/Big Purple Cherry Tree/g2030_yinghua_2.mesh",
        "metalness": "0",
        "name": "g2030_yinghua_2.mesh",
        "needSync": "true",
        "partNavMeshType": "1",
        "position": "x:-29.158748626709 y:6.3488359451294 z:28.99457359314",
        "restitution": "0.3",
        "rotation": "x:0 y:90 z:0",
        "roughness": "0.9",
        "scale": "x:4.84023 y:4.84023 z:4.84023",
        "selectable": "true",
        "staticBatchNo": "",
        "staticObject": "false",
        "useAnchor": "true",
        "useCollide": "true",
        "useGravity": "true",
        "useTextureAlpha": "false"
      }
    },
    {
      "class": "MeshPart",
      "customProperties": [],
      "properties": {
        "angleVelocity": "x:0 y:0 z:0",
        "autoAnchor": "true",
        "batchType": "Static",
        "bloom": "false",
        "booleanOperation": "0",
        "btsKey": "e1647a8d-a005-4f18-a1db-3fea85760386",
        "cameraCollideEnable": "true",
        "collisionFidelity": "0",
        "collisionUniqueKey": "",
        "customThreshold": "1",
        "density": "2.2",
        "discardAlpha": "0.0",
        "friction": "0.37",
        "id": "8684451867050786817",
        "isLockedInEditor": "false",
        "isVisibleInEditor": "true",
        "lineVelocity": "x:0 y:0 z:0",
        "mass": "0",
        "materialAlpha": "1.0",
        "materialColor": "r:1.0 g:1.0 b:1.0 a:1.0",
        "materialOffset": "x:1 y:1 z:1.0",
        "materialTexture": "part_suliao.tga",
        "mesh": "asset/Mesh/Big Purple Cherry Tree/g2030_yinghua_2.mesh",
        "metalness": "0",
        "name": "g2030_yinghua_2.mesh",
        "needSync": "true",
        "partNavMeshType": "1",
        "position": "x:-28.606197357178 y:6.3488359451294 z:-3.4057965278625",
        "restitution": "0.3",
        "rotation": "x:0 y:90 z:0",
        "roughness": "0.9",
        "scale": "x:4.84023 y:4.84023 z:4.84023",
        "selectable": "true",
        "staticBatchNo": "",
        "staticObject": "false",
        "useAnchor": "true",
        "useCollide": "true",
        "useGravity": "true",
        "useTextureAlpha": "false"
      }
    },
    {
      "class": "MeshPart",
      "customProperties": [],
      "properties": {
        "angleVelocity": "x:0 y:0 z:0",
        "autoAnchor": "true",
        "batchType": "Static",
        "bloom": "false",
        "booleanOperation": "0",
        "btsKey": "2d74bf5f-77b2-489d-8e0f-4407e613ba56",
        "cameraCollideEnable": "true",
        "collisionFidelity": "0",
        "collisionUniqueKey": "",
        "customThreshold": "1",
        "density": "2.2",
        "discardAlpha": "0.0",
        "friction": "0.37",
        "id": "8684452159194841089",
        "isLockedInEditor": "false",
        "isVisibleInEditor": "true",
        "lineVelocity": "x:0 y:0 z:0",
        "mass": "0",
        "materialAlpha": "1.0",
        "materialColor": "r:1.0 g:1.0 b:1.0 a:1.0",
        "materialOffset": "x:1 y:1 z:1.0",
        "materialTexture": "part_suliao.tga",
        "mesh": "asset/Mesh/Big Purple Cherry Tree/g2030_yinghua_2.mesh",
        "metalness": "0",
        "name": "g2030_yinghua_2.mesh",
        "needSync": "true",
        "partNavMeshType": "1",
        "position": "x:-29.35746383667 y:6.3488359451294 z:-16.545946121216",
        "restitution": "0.3",
        "rotation": "x:0 y:90 z:0",
        "roughness": "0.9",
        "scale": "x:4.84023 y:4.84023 z:4.84023",
        "selectable": "true",
        "staticBatchNo": "",
        "staticObject": "false",
        "useAnchor": "true",
        "useCollide": "true",
        "useGravity": "true",
        "useTextureAlpha": "false"
      }
    },
    {
      "class": "MeshPart",
      "customProperties": [],
      "properties": {
        "angleVelocity": "x:0 y:0 z:0",
        "autoAnchor": "true",
        "batchType": "Static",
        "bloom": "false",
        "booleanOperation": "0",
        "btsKey": "ae8c8306-b3ad-45f1-a962-775aaea551d1",
        "cameraCollideEnable": "true",
        "collisionFidelity": "0",
        "collisionUniqueKey": "",
        "customThreshold": "1",
        "density": "2.2",
        "discardAlpha": "0.0",
        "friction": "0.37",
        "id": "8684452159199641601",
        "isLockedInEditor": "false",
        "isVisibleInEditor": "true",
        "lineVelocity": "x:0 y:0 z:0",
        "mass": "0",
        "materialAlpha": "1.0",
        "materialColor": "r:1.0 g:1.0 b:1.0 a:1.0",
        "materialOffset": "x:1 y:1 z:1.0",
        "materialTexture": "part_suliao.tga",
        "mesh": "asset/Mesh/Purple Cherry Tree/g2030_yinghua_1.mesh",
        "metalness": "0",
        "name": "g2030_yinghua_1.mesh",
        "needSync": "true",
        "partNavMeshType": "1",
        "position": "x:-33.002662658691 y:5.9374322891235 z:-26.916887283325",
        "restitution": "0.3",
        "rotation": "x:0 y:90 z:0",
        "roughness": "0.9",
        "scale": "x:4.50976 y:4.50976 z:4.50976",
        "selectable": "true",
        "staticBatchNo": "",
        "staticObject": "false",
        "useAnchor": "true",
        "useCollide": "true",
        "useGravity": "true",
        "useTextureAlpha": "false"
      }
    },
    {
      "class": "MeshPart",
      "customProperties": [],
      "properties": {
        "angleVelocity": "x:0 y:0 z:0",
        "autoAnchor": "true",
        "batchType": "Static",
        "bloom": "false",
        "booleanOperation": "0",
        "btsKey": "34fcc8c4-a24d-4c34-abe1-cf2a8f42fc4f",
        "cameraCollideEnable": "true",
        "collisionFidelity": "0",
        "collisionUniqueKey": "",
        "customThreshold": "1",
        "density": "2.2",
        "discardAlpha": "0.0",
        "friction": "0.37",
        "id": "8684452159217893377",
        "isLockedInEditor": "false",
        "isVisibleInEditor": "true",
        "lineVelocity": "x:0 y:0 z:0",
        "mass": "0",
        "materialAlpha": "1.0",
        "materialColor": "r:1.0 g:1.0 b:1.0 a:1.0",
        "materialOffset": "x:1 y:1 z:1.0",
        "materialTexture": "part_suliao.tga",
        "mesh": "asset/Mesh/Big Purple Cherry Tree/g2030_yinghua_2.mesh",
        "metalness": "0",
        "name": "g2030_yinghua_2.mesh",
        "needSync": "true",
        "partNavMeshType": "1",
        "position": "x:-17.201913833618 y:6.3488359451294 z:-32.537338256836",
        "restitution": "0.3",
        "rotation": "x:0 y:90 z:0",
        "roughness": "0.9",
        "scale": "x:4.84023 y:4.84023 z:4.84023",
        "selectable": "true",
        "staticBatchNo": "",
        "staticObject": "false",
        "useAnchor": "true",
        "useCollide": "true",
        "useGravity": "true",
        "useTextureAlpha": "false"
      }
    },
    {
      "class": "MeshPart",
      "customProperties": [],
      "properties": {
        "angleVelocity": "x:0 y:0 z:0",
        "autoAnchor": "true",
        "batchType": "Static",
        "bloom": "false",
        "booleanOperation": "0",
        "btsKey": "305e5171-422a-4632-abc6-7cf27f69c913",
        "cameraCollideEnable": "true",
        "collisionFidelity": "0",
        "collisionUniqueKey": "",
        "customThreshold": "1",
        "density": "2.2",
        "discardAlpha": "0.0",
        "friction": "0.37",
        "id": "8684452159223218177",
        "isLockedInEditor": "false",
        "isVisibleInEditor": "true",
        "lineVelocity": "x:0 y:0 z:0",
        "mass": "0",
        "materialAlpha": "1.0",
        "materialColor": "r:1.0 g:1.0 b:1.0 a:1.0",
        "materialOffset": "x:1 y:1 z:1.0",
        "materialTexture": "part_suliao.tga",
        "mesh": "asset/Mesh/Big Purple Cherry Tree/g2030_yinghua_2.mesh",
        "metalness": "0",
        "name": "g2030_yinghua_2.mesh",
        "needSync": "true",
        "partNavMeshType": "1",
        "position": "x:-26.331949234009 y:6.3988370895386 z:-36.631145477295",
        "restitution": "0.3",
        "rotation": "x:0 y:-45 z:0",
        "roughness": "0.9",
        "scale": "x:4.84023 y:4.84023 z:4.84023",
        "selectable": "true",
        "staticBatchNo": "",
        "staticObject": "false",
        "useAnchor": "true",
        "useCollide": "true",
        "useGravity": "true",
        "useTextureAlpha": "false"
      }
    },
    {
      "class": "MeshPart",
      "customProperties": [],
      "properties": {
        "angleVelocity": "x:0 y:0 z:0",
        "autoAnchor": "true",
        "batchType": "Static",
        "bloom": "false",
        "booleanOperation": "0",
        "btsKey": "40e3e71c-267b-44d0-9985-5c67288b018f",
        "cameraCollideEnable": "true",
        "collisionFidelity": "0",
        "collisionUniqueKey": "",
        "customThreshold": "1",
        "density": "2.2",
        "discardAlpha": "0.0",
        "friction": "0.37",
        "id": "8684453218081767425",
        "isLockedInEditor": "false",
        "isVisibleInEditor": "true",
        "lineVelocity": "x:0 y:0 z:0",
        "mass": "0",
        "materialAlpha": "1.0",
        "materialColor": "r:1.0 g:1.0 b:1.0 a:1.0",
        "materialOffset": "x:1 y:1 z:1.0",
        "materialTexture": "part_suliao.tga",
        "mesh": "asset/Mesh/Purple Cherry Tree/g2030_yinghua_1.mesh",
        "metalness": "0",
        "name": "g2030_yinghua_1.mesh",
        "needSync": "true",
        "partNavMeshType": "1",
        "position": "x:20.422603607178 y:5.9374322891235 z:27.876298904419",
        "restitution": "0.3",
        "rotation": "x:0 y:0 z:0",
        "roughness": "0.9",
        "scale": "x:4.50976 y:4.50976 z:4.50976",
        "selectable": "true",
        "staticBatchNo": "",
        "staticObject": "false",
        "useAnchor": "true",
        "useCollide": "true",
        "useGravity": "true",
        "useTextureAlpha": "false"
      }
    },
    {
      "class": "MeshPart",
      "customProperties": [],
      "properties": {
        "angleVelocity": "x:0 y:0 z:0",
        "autoAnchor": "true",
        "batchType": "Static",
        "bloom": "false",
        "booleanOperation": "0",
        "btsKey": "20587831-1a65-47c6-8167-a86bfce5efaf",
        "cameraCollideEnable": "true",
        "collisionFidelity": "0",
        "collisionUniqueKey": "",
        "customThreshold": "1",
        "density": "2.2",
        "discardAlpha": "0.0",
        "friction": "0.37",
        "id": "8684453218086404097",
        "isLockedInEditor": "false",
        "isVisibleInEditor": "true",
        "lineVelocity": "x:0 y:0 z:0",
        "mass": "0",
        "materialAlpha": "1.0",
        "materialColor": "r:1.0 g:1.0 b:1.0 a:1.0",
        "materialOffset": "x:1 y:1 z:1.0",
        "materialTexture": "part_suliao.tga",
        "mesh": "asset/Mesh/Purple Cherry Tree/g2030_yinghua_1.mesh",
        "metalness": "0",
        "name": "g2030_yinghua_1.mesh",
        "needSync": "true",
        "partNavMeshType": "1",
        "position": "x:-5.9733963012695 y:5.9374322891235 z:27.876298904419",
        "restitution": "0.3",
        "rotation": "x:0 y:0 z:0",
        "roughness": "0.9",
        "scale": "x:4.50976 y:4.50976 z:4.50976",
        "selectable": "true",
        "staticBatchNo": "",
        "staticObject": "false",
        "useAnchor": "true",
        "useCollide": "true",
        "useGravity": "true",
        "useTextureAlpha": "false"
      }
    },
    {
      "class": "MeshPart",
      "customProperties": [],
      "properties": {
        "angleVelocity": "x:0 y:0 z:0",
        "autoAnchor": "true",
        "batchType": "Static",
        "bloom": "false",
        "booleanOperation": "0",
        "btsKey": "b6979a13-f65d-4e3f-bc22-4afd3d276e44",
        "cameraCollideEnable": "true",
        "collisionFidelity": "0",
        "collisionUniqueKey": "",
        "customThreshold": "1",
        "density": "2.2",
        "discardAlpha": "0.0",
        "friction": "0.37",
        "id": "8684453218089730049",
        "isLockedInEditor": "false",
        "isVisibleInEditor": "true",
        "lineVelocity": "x:0 y:0 z:0",
        "mass": "0",
        "materialAlpha": "1.0",
        "materialColor": "r:1.0 g:1.0 b:1.0 a:1.0",
        "materialOffset": "x:1 y:1 z:1.0",
        "materialTexture": "part_suliao.tga",
        "mesh": "asset/Mesh/Big Purple Cherry Tree/g2030_yinghua_2.mesh",
        "metalness": "0",
        "name": "g2030_yinghua_2.mesh",
        "needSync": "true",
        "partNavMeshType": "1",
        "position": "x:-10.991965293884 y:6.3988370895386 z:36.84481048584",
        "restitution": "0.3",
        "rotation": "x:0 y:-45 z:0",
        "roughness": "0.9",
        "scale": "x:4.84023 y:4.84023 z:4.84023",
        "selectable": "true",
        "staticBatchNo": "",
        "staticObject": "false",
        "useAnchor": "true",
        "useCollide": "true",
        "useGravity": "true",
        "useTextureAlpha": "false"
      }
    },
    {
      "class": "MeshPart",
      "customProperties": [],
      "properties": {
        "angleVelocity": "x:0 y:0 z:0",
        "autoAnchor": "true",
        "batchType": "Static",
        "bloom": "false",
        "booleanOperation": "0",
        "btsKey": "0d9228f1-6f27-4c5b-9a35-fe74fb7f00d2",
        "cameraCollideEnable": "true",
        "collisionFidelity": "0",
        "collisionUniqueKey": "",
        "customThreshold": "1",
        "density": "2.2",
        "discardAlpha": "0.0",
        "friction": "0.37",
        "id": "8684453218093285377",
        "isLockedInEditor": "false",
        "isVisibleInEditor": "true",
        "lineVelocity": "x:0 y:0 z:0",
        "mass": "0",
        "materialAlpha": "1.0",
        "materialColor": "r:1.0 g:1.0 b:1.0 a:1.0",
        "materialOffset": "x:1 y:1 z:1.0",
        "materialTexture": "part_suliao.tga",
        "mesh": "asset/Mesh/Big Purple Cherry Tree/g2030_yinghua_2.mesh",
        "metalness": "0",
        "name": "g2030_yinghua_2.mesh",
        "needSync": "true",
        "partNavMeshType": "1",
        "position": "x:-19.394916534424 y:6.3488359451294 z:31.230667114258",
        "restitution": "0.3",
        "rotation": "x:0 y:90 z:0",
        "roughness": "0.9",
        "scale": "x:4.84023 y:4.84023 z:4.84023",
        "selectable": "true",
        "staticBatchNo": "",
        "staticObject": "false",
        "useAnchor": "true",
        "useCollide": "true",
        "useGravity": "true",
        "useTextureAlpha": "false"
      }
    },
    {
      "class": "MeshPart",
      "customProperties": [],
      "properties": {
        "angleVelocity": "x:0 y:0 z:0",
        "autoAnchor": "true",
        "batchType": "Static",
        "bloom": "false",
        "booleanOperation": "0",
        "btsKey": "933bf2a8-8498-417b-9fad-8a8258578ea2",
        "cameraCollideEnable": "true",
        "collisionFidelity": "0",
        "collisionUniqueKey": "",
        "customThreshold": "1",
        "density": "2.2",
        "discardAlpha": "0.0",
        "friction": "0.37",
        "id": "8684453218097577985",
        "isLockedInEditor": "false",
        "isVisibleInEditor": "true",
        "lineVelocity": "x:0 y:0 z:0",
        "mass": "0",
        "materialAlpha": "1.0",
        "materialColor": "r:1.0 g:1.0 b:1.0 a:1.0",
        "materialOffset": "x:1 y:1 z:1.0",
        "materialTexture": "part_suliao.tga",
        "mesh": "asset/Mesh/Big Purple Cherry Tree/g2030_yinghua_2.mesh",
        "metalness": "0",
        "name": "g2030_yinghua_2.mesh",
        "needSync": "true",
        "partNavMeshType": "1",
        "position": "x:31.798938751221 y:6.3988370895386 z:31.574094772339",
        "restitution": "0.3",
        "rotation": "x:0 y:-45 z:0",
        "roughness": "0.9",
        "scale": "x:4.84023 y:4.84023 z:4.84023",
        "selectable": "true",
        "staticBatchNo": "",
        "staticObject": "false",
        "useAnchor": "true",
        "useCollide": "true",
        "useGravity": "true",
        "useTextureAlpha": "false"
      }
    },
    {
      "class": "MeshPart",
      "customProperties": [],
      "properties": {
        "angleVelocity": "x:0 y:0 z:0",
        "autoAnchor": "true",
        "batchType": "Static",
        "bloom": "false",
        "booleanOperation": "0",
        "btsKey": "95ac8ba8-0b9b-48a9-b922-801a1fc910bf",
        "cameraCollideEnable": "true",
        "collisionFidelity": "0",
        "collisionUniqueKey": "",
        "customThreshold": "1",
        "density": "2.2",
        "discardAlpha": "0.0",
        "friction": "0.37",
        "id": "8684453218103361537",
        "isLockedInEditor": "false",
        "isVisibleInEditor": "true",
        "lineVelocity": "x:0 y:0 z:0",
        "mass": "0",
        "materialAlpha": "1.0",
        "materialColor": "r:1.0 g:1.0 b:1.0 a:1.0",
        "materialOffset": "x:1 y:1 z:1.0",
        "materialTexture": "part_suliao.tga",
        "mesh": "asset/Mesh/Big Purple Cherry Tree/g2030_yinghua_2.mesh",
        "metalness": "0",
        "name": "g2030_yinghua_2.mesh",
        "needSync": "true",
        "partNavMeshType": "1",
        "position": "x:8.6817893981934 y:6.4198365211487 z:28.295225143433",
        "restitution": "0.3",
        "rotation": "x:0 y:0 z:0",
        "roughness": "0.9",
        "scale": "x:4.84023 y:4.84023 z:4.84023",
        "selectable": "true",
        "staticBatchNo": "",
        "staticObject": "false",
        "useAnchor": "true",
        "useCollide": "true",
        "useGravity": "true",
        "useTextureAlpha": "false"
      }
    },
    {
      "class": "MeshPart",
      "customProperties": [],
      "properties": {
        "angleVelocity": "x:0 y:0 z:0",
        "autoAnchor": "true",
        "batchType": "Static",
        "bloom": "false",
        "booleanOperation": "0",
        "btsKey": "008bb46d-13e1-4e0f-be68-cce889cd94ce",
        "cameraCollideEnable": "true",
        "collisionFidelity": "0",
        "collisionUniqueKey": "",
        "customThreshold": "1",
        "density": "2.2",
        "discardAlpha": "0.0",
        "friction": "0.37",
        "id": "8684454263240130561",
        "isLockedInEditor": "false",
        "isVisibleInEditor": "true",
        "lineVelocity": "x:0 y:0 z:0",
        "mass": "0",
        "materialAlpha": "1.0",
        "materialColor": "r:1.0 g:1.0 b:1.0 a:1.0",
        "materialOffset": "x:1 y:1 z:1.0",
        "materialTexture": "part_suliao.tga",
        "mesh": "asset/Mesh/Purple Cherry Tree/g2030_yinghua_1.mesh",
        "metalness": "0",
        "name": "g2030_yinghua_1.mesh",
        "needSync": "true",
        "partNavMeshType": "1",
        "position": "x:1.2126045227051 y:5.9374322891235 z:-38.489711761475",
        "restitution": "0.3",
        "rotation": "x:0 y:0 z:0",
        "roughness": "0.9",
        "scale": "x:4.50976 y:4.50976 z:4.50976",
        "selectable": "true",
        "staticBatchNo": "",
        "staticObject": "false",
        "useAnchor": "true",
        "useCollide": "true",
        "useGravity": "true",
        "useTextureAlpha": "false"
      }
    },
    {
      "class": "Entity",
      "config": "myplugin/78bd0283-6172-46a7-a9a0-ae20a9275e25",
      "customProperties": [],
      "properties": {
        "batchType": "Static",
        "id": "8684455633072832513",
        "name": "demo01",
        "needSync": "true",
        "position": "x:0 y:1.5998992919922 z:-17.257930755615",
        "rotation": "x:0 y:0 z:0",
        "scale": "x:1 y:1 z:1",
        "selectable": "true"
      }
    }
  ],
  "skyBox": [
    {
      "texture": [
        "@asset/Texture/SkyBox/Common2/Sky03_right.png",
        "@asset/Texture/SkyBox/Common2/Sky03_left.png",
        "@asset/Texture/SkyBox/Common2/Sky03_top.png",
        "@asset/Texture/SkyBox/Common2/Sky03_bottom.png",
        "@asset/Texture/SkyBox/Common2/Sky03_back.png",
        "@asset/Texture/SkyBox/Common2/Sky03_front.png"
      ]
    }
  ],
  "skyBoxMode": "static_display",
  "skyBoxRotate": {
    "x": 0,
    "y": 0,
    "z": 0
  },
  "skyBoxTexPixFmt": "RGBA8",
  "skyBoxTexSize": 512,
  "touchPosY": {
    "touchdownPosY": -30.0,
    "touchupPosY": 720.0
  }
}