{
  "automatch": false,
  "bagCap": 9,
  "cameraCfg": {
    "canSwitchView": true,
    "defaultPitch": 0,
    "defaultView": 0,
    "defaultYaw": 0,
    "viewModeConfig": [
      {
        "enable": true,
        "lockSlideScreen": false,
        "viewFovAngle": 75
      },
      {
        "distance": 4,
        "enable": true,
        "enableCollisionDetect": true,
        "lockSlideScreen": false,
        "offset": {
          "__OBJ_TYPE": "Vector3",
          "x": 0.0,
          "y": 0.0,
          "z": 0.0
        },
        "viewFovAngle": 75
      },
      {
        "distance": 4,
        "enable": false,
        "enableCollisionDetect": true,
        "lockSlideScreen": false,
        "offset": {
          "__OBJ_TYPE": "Vector3",
          "x": 0.0,
          "y": 0.0,
          "z": 0.0
        },
        "viewFovAngle": 75
      },
      {
        "distance": 4,
        "enable": false,
        "enableCollisionDetect": true,
        "lockBodyRotation": false,
        "lockSlideScreen": false,
        "offset": {
          "__OBJ_TYPE": "Vector3",
          "x": 0.0,
          "y": 0.0,
          "z": 0.0
        },
        "viewFovAngle": 75
      },
      {
        "enable": false,
        "lockBodyRotation": false,
        "lockSlideScreen": false,
        "lockViewPos": true,
        "pos": {
          "__OBJ_TYPE": "Vector3i",
          "x": 0,
          "y": 0,
          "z": 0
        },
        "viewFovAngle": 75
      }
    ]
  },
  "canJoinMidway": false,
  "defaultMap": "ecfea41a-1ce7-487f-86e8-e7dff6aa1932",
  "defaultQualityLevel": 2,
  "dragControlConfig": {
    "useDragControl": true
  },
  "editorFovAngle": 65,
  "enableNewLighting": false,
  "engineDefUIEnable": {
    "actionControl": true,
    "actionControlMode": "flexibleDragControl",
    "appMainRole": true,
    "chat": true,
    "playerinfo": true,
    "shortcutBar": true,
    "toolbar": true
  },
  "forcePickBlock": true,
  "glesMinorVersion": 0,
  "glesVersion": 3,
  "hideCloud": false,
  "hideTeamStatusBar": false,
  "ignoreEmptyStartPos": false,
  "initPos": {
    "map": "ecfea41a-1ce7-487f-86e8-e7dff6aa1932",
    "x": 0,
    "y": 2,
    "z": 0
  },
  "isTimeStopped": true,
  "jumpControlConfig": {
    "area": [
      [
        0,
        100
      ],
      [
        0,
        60
      ],
      [
        0,
        200
      ],
      [
        0,
        200
      ]
    ],
    "jumpImage": {
      "name": "jump_imagesets/icon_jump_nor.png"
    },
    "jumpPushImage": {
      "name": "jump_imagesets/icon_jump_act.png"
    },
    "useGroup": "_imagesets_"
  },
  "maxPlayers": 60,
  "minPlayers": 1,
  "moveStateConfig": {
    "isShow": false
  },
  "needSave": false,
  "noLoadHp": true,
  "notReadUserSettingCfgAtEditor": true,
  "nowTime": 10666.666666667,
  "oneDayTime": 600.0,
  "personalSettingUI": {
    "controlMode": true,
    "guiSize": false,
    "horizon": false,
    "imageQuality": true,
    "jumpSneakState": false,
    "luminance": false,
    "sensitive": true,
    "volume": true
  },
  "personalShop": false,
  "playerCfg": "myplugin/player1",
  "playTime": -1,
  "qualityLevelData": {
    "maxLevel": [
      2,
      0,
      0.6,
      0.68,
      0.00132,
      3,
      1.4,
      1,
      1,
      0.22,
      -0.00132,
      0.43,
      1,
      0,
      0.1,
      0,
      0,
      2,
      2,
      1,
      0,
      2,
      1.8
    ]
  },
  "replay": false,
  "reportTime": 1200,
  "skillJack": {
    "AJackArea": [
      [
        0,
        -40
      ],
      [
        0,
        -40
      ],
      [
        0,
        120
      ],
      [
        0,
        120
      ]
    ],
    "hideBJack": true,
    "lineSkills": [
      {
        "hAlign": 2,
        "itemSpace": 30,
        "jackNum": 2,
        "jackSize": 80,
        "vAlign": 1,
        "xOffset": -50,
        "yOffset": 0
      },
      {
        "hAlign": 1,
        "itemSpace": 30,
        "jackNum": 4,
        "jackSize": 80,
        "vAlign": 0,
        "xOffset": 0,
        "yOffset": 50
      }
    ],
    "sectorSkills": [
      {
        "deltaAngle": 45,
        "jackNum": 3,
        "jackSize": 88,
        "radius": 170,
        "startAngle": 270
      }
    ]
  },
  "startPos": [
    {
      "map": "ecfea41a-1ce7-487f-86e8-e7dff6aa1932",
      "x": 0,
      "y": 2,
      "z": 0
    }
  ],
  "team": [
    {
      "actorName": "asset/Actor/charactor/charactor_boy/character_boy.actor",
      "id": 1,
      "ignorePlayerSkin": true,
      "image": "asset/Texture/Team/flag/flag_1.png",
      "initPos": {
        "map": "06c5de00-572a-4157-8cc8-bdda31d12163",
        "x": 0,
        "y": 2,
        "z": 0
      },
      "mainTeamImageBg": "",
      "mainTeamImageFrame": "flag_textures/flag_frame",
      "memberLimit": 5,
      "name": "team1",
      "startPos": [
        {
          "map": "06c5de00-572a-4157-8cc8-bdda31d12163",
          "x": 0,
          "y": 2,
          "z": 0
        }
      ]
    },
    {
      "actorName": "asset/Actor/charactor/charactor_boy/character_boy.actor",
      "id": 2,
      "ignorePlayerSkin": true,
      "image": "asset/Texture/Team/flag/flag_1.png",
      "initPos": {
        "map": "06c5de00-572a-4157-8cc8-bdda31d12163",
        "x": 0,
        "y": 2,
        "z": 0
      },
      "mainTeamImageBg": "",
      "mainTeamImageFrame": "flag_textures/flag_frame",
      "memberLimit": 5,
      "name": "team2",
      "startPos": [
        {
          "map": "06c5de00-572a-4157-8cc8-bdda31d12163",
          "x": 0,
          "y": 2,
          "z": 0
        }
      ]
    }
  ],
  "teammateHurt": false,
  "topTeamInfo": {
    "teamDieIcon": "flag_textures/flag_die",
    "teamDieIconArea": [
      [
        0,
        5
      ],
      [
        0,
        -7
      ],
      [
        0,
        20
      ],
      [
        0,
        20
      ]
    ],
    "teamInfoArea": [
      [
        0,
        -5
      ],
      [
        0,
        -3
      ],
      [
        0,
        53.45
      ],
      [
        0,
        17
      ]
    ]
  },
  "useNewFirstViewer": true,
  "useNewQuadConfig": true,
  "useNewUI": true,
  "useVoxelTerrain": true,
  "vars": {
    "__OBJ_TYPE": [],
    "entity": [
      {
        "key": "score",
        "run_type": "server",
        "save": false,
        "value": 0
      },
      {
        "key": "listPlayer",
        "run_type": "server",
        "save": false,
        "value": []
      },
      {
        "key": "isTime",
        "run_type": "server",
        "save": false
      },
      {
        "key": "curNpcPlayer",
        "run_type": "server",
        "save": false
      },
      {
        "key": "time",
        "run_type": "server",
        "save": false,
        "value": 0
      },
      {
        "key": "WinStage",
        "run_type": "server",
        "save": false
      },
      {
        "key": "GameWin",
        "run_type": "server",
        "save": false
      },
      {
        "key": "team",
        "run_type": "server",
        "save": false,
        "value": 0
      },
      {
        "key": "platform1",
        "run_type": "server",
        "save": false,
        "value": []
      },
      {
        "key": "platform2",
        "run_type": "server",
        "save": false,
        "value": []
      },
      {
        "key": "stagePlayer",
        "run_type": "server",
        "save": false,
        "value": 0
      }
    ],
    "global": [],
    "ui": [
      {
        "key": "pageT",
        "run_type": "client",
        "save": false,
        "value": 1
      }
    ]
  },
  "waitAtInitPos": true,
  "waitGoTime": 0,
  "waitPlayerTime": 0,
  "waitStartTime": 0
}