{"viewport_height":553,"camera_move_speed":0.3,"map_pos":{"map001":{"z":30,"x":30,"y":68},"ecfea41a-1ce7-487f-86e8-e7dff6aa1932":{"z":30,"x":30,"y":68},"27a941fa-b79b-42da-a2d4-3332396ea2d5":{"z":30,"x":30,"y":68},"5b3b47b8-2434-41bf-822b-ab260f7a13ee":{"z":30,"x":30,"y":68},"06c5de00-572a-4157-8cc8-bdda31d12163":{"z":30,"x":30,"y":68},"45f20b7f-eab8-45ae-bfc3-4e23eeba0151":{"z":30,"x":30,"y":68},"604d24da-0c59-4780-8b25-d274668c9e8f":{"z":30,"x":30,"y":68}},"viewport_width":984,"part_place_settings":[{"texture":"part_suliao.tga","__OBJ_TYPE":"PART_PLACE_SETTING","key":"cube","color":{"g":255,"r":255,"__OBJ_TYPE":"Color","b":255,"a":255}},{"texture":"part_suliao.tga","__OBJ_TYPE":"PART_PLACE_SETTING","key":"sphere","color":{"g":255,"r":255,"__OBJ_TYPE":"Color","b":255,"a":255}},{"texture":"part_suliao.tga","__OBJ_TYPE":"PART_PLACE_SETTING","key":"cylinder","color":{"g":255,"r":255,"__OBJ_TYPE":"Color","b":255,"a":255}},{"texture":"part_suliao.tga","__OBJ_TYPE":"PART_PLACE_SETTING","key":"cone","color":{"g":255,"r":255,"__OBJ_TYPE":"Color","b":255,"a":255}}]}